[2026-06-18T23:14:03.116+0000] {manager.py:483} INFO - Processing files using up to 1 processes at a time 
[2026-06-18T23:14:03.117+0000] {manager.py:484} INFO - Process each file at most once every 30 seconds
[2026-06-18T23:14:03.117+0000] {manager.py:485} INFO - Checking for new files in /opt/airflow/dags every 300 seconds
[2026-06-18T23:14:03.117+0000] {manager.py:821} INFO - Searching for files in /opt/airflow/dags
[2026-06-18T23:14:03.121+0000] {manager.py:824} INFO - There are 2 files in /opt/airflow/dags
[2026-06-18T23:14:04.395+0000] {manager.py:997} INFO - 
================================================================================
DAG File Processing Stats

File Path                             PID    Runtime      # DAGs    # Errors  Last Runtime    Last Run               Last # of DB Queries
------------------------------------  -----  ---------  --------  ----------  --------------  -------------------  ----------------------
/opt/airflow/dags/predictions_dag.py                           1           0  1.22s           2026-06-18T23:14:04                      26
/opt/airflow/dags/retrain_dag.py                               0           0                                                            0
================================================================================
[2026-06-18T23:14:34.969+0000] {manager.py:997} INFO - 
================================================================================
DAG File Processing Stats

File Path                             PID    Runtime      # DAGs    # Errors  Last Runtime    Last Run               Last # of DB Queries
------------------------------------  -----  ---------  --------  ----------  --------------  -------------------  ----------------------
/opt/airflow/dags/predictions_dag.py                           1           0  0.52s           2026-06-18T23:14:34                      12
/opt/airflow/dags/retrain_dag.py                               1           0  0.21s           2026-06-18T23:14:05                      26
================================================================================
[2026-06-18T23:15:06.409+0000] {manager.py:997} INFO - 
================================================================================
DAG File Processing Stats

File Path                             PID    Runtime      # DAGs    # Errors  Last Runtime    Last Run               Last # of DB Queries
------------------------------------  -----  ---------  --------  ----------  --------------  -------------------  ----------------------
/opt/airflow/dags/predictions_dag.py                           1           0  0.54s           2026-06-18T23:15:06                      12
/opt/airflow/dags/retrain_dag.py                               1           0  0.11s           2026-06-18T23:14:36                      12
================================================================================
[2026-06-18T23:15:37.569+0000] {manager.py:997} INFO - 
================================================================================
DAG File Processing Stats

File Path                             PID    Runtime      # DAGs    # Errors  Last Runtime    Last Run               Last # of DB Queries
------------------------------------  -----  ---------  --------  ----------  --------------  -------------------  ----------------------
/opt/airflow/dags/predictions_dag.py                           1           0  0.32s           2026-06-18T23:15:37                      12
/opt/airflow/dags/retrain_dag.py                               1           0  0.11s           2026-06-18T23:15:07                      12
================================================================================
[2026-06-18T23:16:08.197+0000] {manager.py:997} INFO - 
================================================================================
DAG File Processing Stats

File Path                             PID    Runtime      # DAGs    # Errors  Last Runtime    Last Run               Last # of DB Queries
------------------------------------  -----  ---------  --------  ----------  --------------  -------------------  ----------------------
/opt/airflow/dags/predictions_dag.py                           1           0  0.44s           2026-06-18T23:16:08                      12
/opt/airflow/dags/retrain_dag.py                               1           0  0.11s           2026-06-18T23:15:38                      12
================================================================================
[2026-06-18T23:16:39.482+0000] {manager.py:997} INFO - 
================================================================================
DAG File Processing Stats

File Path                             PID    Runtime      # DAGs    # Errors  Last Runtime    Last Run               Last # of DB Queries
------------------------------------  -----  ---------  --------  ----------  --------------  -------------------  ----------------------
/opt/airflow/dags/predictions_dag.py                           1           0  0.35s           2026-06-18T23:16:39                      12
/opt/airflow/dags/retrain_dag.py                               1           0  0.10s           2026-06-18T23:16:09                      12
================================================================================
[2026-06-18T23:17:10.898+0000] {manager.py:997} INFO - 
================================================================================
DAG File Processing Stats

File Path                             PID    Runtime      # DAGs    # Errors  Last Runtime    Last Run               Last # of DB Queries
------------------------------------  -----  ---------  --------  ----------  --------------  -------------------  ----------------------
/opt/airflow/dags/predictions_dag.py                           1           0  0.54s           2026-06-18T23:17:10                      12
/opt/airflow/dags/retrain_dag.py                               1           0  0.10s           2026-06-18T23:16:39                      12
================================================================================
[2026-06-18T23:17:41.704+0000] {manager.py:997} INFO - 
================================================================================
DAG File Processing Stats

File Path                             PID    Runtime      # DAGs    # Errors  Last Runtime    Last Run               Last # of DB Queries
------------------------------------  -----  ---------  --------  ----------  --------------  -------------------  ----------------------
/opt/airflow/dags/predictions_dag.py                           1           0  0.42s           2026-06-18T23:17:41                      12
/opt/airflow/dags/retrain_dag.py                               1           0  0.21s           2026-06-18T23:17:12                      12
================================================================================
[2026-06-18T23:18:12.323+0000] {manager.py:997} INFO - 
================================================================================
DAG File Processing Stats

File Path                             PID    Runtime      # DAGs    # Errors  Last Runtime    Last Run               Last # of DB Queries
------------------------------------  -----  ---------  --------  ----------  --------------  -------------------  ----------------------
/opt/airflow/dags/predictions_dag.py                           1           0  0.32s           2026-06-18T23:18:12                      12
/opt/airflow/dags/retrain_dag.py                               1           0  0.11s           2026-06-18T23:17:42                      12
================================================================================
[2026-06-18T23:18:42.936+0000] {manager.py:997} INFO - 
================================================================================
DAG File Processing Stats

File Path                             PID    Runtime      # DAGs    # Errors  Last Runtime    Last Run               Last # of DB Queries
------------------------------------  -----  ---------  --------  ----------  --------------  -------------------  ----------------------
/opt/airflow/dags/predictions_dag.py                           1           0  0.32s           2026-06-18T23:18:42                      12
/opt/airflow/dags/retrain_dag.py                               1           0  0.11s           2026-06-18T23:18:13                      12
================================================================================
[2026-06-18T23:19:03.230+0000] {manager.py:821} INFO - Searching for files in /opt/airflow/dags
[2026-06-18T23:19:03.242+0000] {manager.py:824} INFO - There are 2 files in /opt/airflow/dags
[2026-06-18T23:19:13.676+0000] {manager.py:997} INFO - 
================================================================================
DAG File Processing Stats

File Path                             PID    Runtime      # DAGs    # Errors  Last Runtime    Last Run               Last # of DB Queries
------------------------------------  -----  ---------  --------  ----------  --------------  -------------------  ----------------------
/opt/airflow/dags/predictions_dag.py                           1           0  0.43s           2026-06-18T23:19:13                      12
/opt/airflow/dags/retrain_dag.py                               1           0  0.11s           2026-06-18T23:18:44                      12
================================================================================
[2026-06-18T23:19:44.322+0000] {manager.py:997} INFO - 
================================================================================
DAG File Processing Stats

File Path                             PID    Runtime      # DAGs    # Errors  Last Runtime    Last Run               Last # of DB Queries
------------------------------------  -----  ---------  --------  ----------  --------------  -------------------  ----------------------
/opt/airflow/dags/predictions_dag.py                           1           0  0.32s           2026-06-18T23:19:44                      12
/opt/airflow/dags/retrain_dag.py                               1           0  0.11s           2026-06-18T23:19:14                      12
================================================================================
[2026-06-18T23:20:15.005+0000] {manager.py:997} INFO - 
================================================================================
DAG File Processing Stats

File Path                             PID    Runtime      # DAGs    # Errors  Last Runtime    Last Run               Last # of DB Queries
------------------------------------  -----  ---------  --------  ----------  --------------  -------------------  ----------------------
/opt/airflow/dags/predictions_dag.py                           1           0  0.33s           2026-06-18T23:20:15                      12
/opt/airflow/dags/retrain_dag.py                               1           0  0.11s           2026-06-18T23:19:44                      12
================================================================================
[2026-06-18T23:20:45.844+0000] {manager.py:997} INFO - 
================================================================================
DAG File Processing Stats

File Path                             PID    Runtime      # DAGs    # Errors  Last Runtime    Last Run               Last # of DB Queries
------------------------------------  -----  ---------  --------  ----------  --------------  -------------------  ----------------------
/opt/airflow/dags/predictions_dag.py                           1           0  0.44s           2026-06-18T23:20:45                      12
/opt/airflow/dags/retrain_dag.py                               1           0  0.11s           2026-06-18T23:20:15                      12
================================================================================
[2026-06-18T23:21:16.331+0000] {manager.py:997} INFO - 
================================================================================
DAG File Processing Stats

File Path                             PID    Runtime      # DAGs    # Errors  Last Runtime    Last Run               Last # of DB Queries
------------------------------------  -----  ---------  --------  ----------  --------------  -------------------  ----------------------
/opt/airflow/dags/predictions_dag.py                           1           0  0.33s           2026-06-18T23:21:16                      12
/opt/airflow/dags/retrain_dag.py                               1           0  0.10s           2026-06-18T23:20:47                      12
================================================================================
[2026-06-18T23:21:46.800+0000] {manager.py:997} INFO - 
================================================================================
DAG File Processing Stats

File Path                             PID    Runtime      # DAGs    # Errors  Last Runtime    Last Run               Last # of DB Queries
------------------------------------  -----  ---------  --------  ----------  --------------  -------------------  ----------------------
/opt/airflow/dags/predictions_dag.py                           1           0  0.32s           2026-06-18T23:21:46                      12
/opt/airflow/dags/retrain_dag.py                               1           0  0.11s           2026-06-18T23:21:17                      12
================================================================================
[2026-06-18T23:22:17.374+0000] {manager.py:997} INFO - 
================================================================================
DAG File Processing Stats

File Path                             PID    Runtime      # DAGs    # Errors  Last Runtime    Last Run               Last # of DB Queries
------------------------------------  -----  ---------  --------  ----------  --------------  -------------------  ----------------------
/opt/airflow/dags/predictions_dag.py                           1           0  0.43s           2026-06-18T23:22:17                      12
/opt/airflow/dags/retrain_dag.py                               1           0  0.11s           2026-06-18T23:21:47                      12
================================================================================
[2026-06-18T23:22:47.980+0000] {manager.py:997} INFO - 
================================================================================
DAG File Processing Stats

File Path                             PID    Runtime      # DAGs    # Errors  Last Runtime    Last Run               Last # of DB Queries
------------------------------------  -----  ---------  --------  ----------  --------------  -------------------  ----------------------
/opt/airflow/dags/predictions_dag.py                           1           0  0.44s           2026-06-18T23:22:47                      12
/opt/airflow/dags/retrain_dag.py                               1           0  0.11s           2026-06-18T23:22:18                      12
================================================================================
[2026-06-18T23:23:18.599+0000] {manager.py:997} INFO - 
================================================================================
DAG File Processing Stats

File Path                             PID    Runtime      # DAGs    # Errors  Last Runtime    Last Run               Last # of DB Queries
------------------------------------  -----  ---------  --------  ----------  --------------  -------------------  ----------------------
/opt/airflow/dags/predictions_dag.py                           1           0  0.43s           2026-06-18T23:23:18                      12
/opt/airflow/dags/retrain_dag.py                               1           0  0.11s           2026-06-18T23:22:49                      12
================================================================================
[2026-06-18T23:23:49.377+0000] {manager.py:997} INFO - 
================================================================================
DAG File Processing Stats

File Path                             PID    Runtime      # DAGs    # Errors  Last Runtime    Last Run               Last # of DB Queries
------------------------------------  -----  ---------  --------  ----------  --------------  -------------------  ----------------------
/opt/airflow/dags/predictions_dag.py                           1           0  0.56s           2026-06-18T23:23:49                      12
/opt/airflow/dags/retrain_dag.py                               1           0  0.11s           2026-06-18T23:23:19                      12
================================================================================
[2026-06-18T23:24:03.317+0000] {manager.py:821} INFO - Searching for files in /opt/airflow/dags
[2026-06-18T23:24:03.328+0000] {manager.py:824} INFO - There are 2 files in /opt/airflow/dags
[2026-06-18T23:24:24.336+0000] {manager.py:997} INFO - 
================================================================================
DAG File Processing Stats

File Path                             PID    Runtime      # DAGs    # Errors  Last Runtime    Last Run               Last # of DB Queries
------------------------------------  -----  ---------  --------  ----------  --------------  -------------------  ----------------------
/opt/airflow/dags/predictions_dag.py                           1           0  0.93s           2026-06-18T23:24:24                      12
/opt/airflow/dags/retrain_dag.py                               1           0  0.36s           2026-06-18T23:23:50                      12
================================================================================
[2026-06-18T23:24:55.071+0000] {manager.py:997} INFO - 
================================================================================
DAG File Processing Stats

File Path                             PID    Runtime      # DAGs    # Errors  Last Runtime    Last Run               Last # of DB Queries
------------------------------------  -----  ---------  --------  ----------  --------------  -------------------  ----------------------
/opt/airflow/dags/predictions_dag.py                           1           0  0.32s           2026-06-18T23:24:55                      12
/opt/airflow/dags/retrain_dag.py                               1           0  0.22s           2026-06-18T23:24:25                      12
================================================================================
[2026-06-18T23:25:25.466+0000] {manager.py:997} INFO - 
================================================================================
DAG File Processing Stats

File Path                             PID    Runtime      # DAGs    # Errors  Last Runtime    Last Run               Last # of DB Queries
------------------------------------  -----  ---------  --------  ----------  --------------  -------------------  ----------------------
/opt/airflow/dags/predictions_dag.py                           1           0  0.33s           2026-06-18T23:25:25                      12
/opt/airflow/dags/retrain_dag.py                               1           0  0.11s           2026-06-18T23:24:56                      12
================================================================================
[2026-06-18T23:25:55.841+0000] {manager.py:997} INFO - 
================================================================================
DAG File Processing Stats

File Path                             PID    Runtime      # DAGs    # Errors  Last Runtime    Last Run               Last # of DB Queries
------------------------------------  -----  ---------  --------  ----------  --------------  -------------------  ----------------------
/opt/airflow/dags/predictions_dag.py                           1           0  0.32s           2026-06-18T23:25:55                      12
/opt/airflow/dags/retrain_dag.py                               1           0  0.11s           2026-06-18T23:25:26                      12
================================================================================
[2026-06-18T23:26:26.223+0000] {manager.py:997} INFO - 
================================================================================
DAG File Processing Stats

File Path                             PID    Runtime      # DAGs    # Errors  Last Runtime    Last Run               Last # of DB Queries
------------------------------------  -----  ---------  --------  ----------  --------------  -------------------  ----------------------
/opt/airflow/dags/predictions_dag.py                           1           0  0.33s           2026-06-18T23:26:26                      12
/opt/airflow/dags/retrain_dag.py                               1           0  0.11s           2026-06-18T23:25:56                      12
================================================================================
[2026-06-18T23:26:56.722+0000] {manager.py:997} INFO - 
================================================================================
DAG File Processing Stats

File Path                             PID    Runtime      # DAGs    # Errors  Last Runtime    Last Run               Last # of DB Queries
------------------------------------  -----  ---------  --------  ----------  --------------  -------------------  ----------------------
/opt/airflow/dags/predictions_dag.py                           1           0  0.45s           2026-06-18T23:26:56                      12
/opt/airflow/dags/retrain_dag.py                               1           0  0.11s           2026-06-18T23:26:27                      12
================================================================================
[2026-06-18T23:27:28.042+0000] {manager.py:997} INFO - 
================================================================================
DAG File Processing Stats

File Path                             PID    Runtime      # DAGs    # Errors  Last Runtime    Last Run               Last # of DB Queries
------------------------------------  -----  ---------  --------  ----------  --------------  -------------------  ----------------------
/opt/airflow/dags/predictions_dag.py                           1           0  0.43s           2026-06-18T23:27:28                      12
/opt/airflow/dags/retrain_dag.py                               1           0  0.11s           2026-06-18T23:26:57                      12
================================================================================
[2026-06-18T23:27:59.386+0000] {manager.py:997} INFO - 
================================================================================
DAG File Processing Stats

File Path                             PID    Runtime      # DAGs    # Errors  Last Runtime    Last Run               Last # of DB Queries
------------------------------------  -----  ---------  --------  ----------  --------------  -------------------  ----------------------
/opt/airflow/dags/predictions_dag.py                           1           0  0.33s           2026-06-18T23:27:59                      12
/opt/airflow/dags/retrain_dag.py                               1           0  0.10s           2026-06-18T23:27:29                      12
================================================================================
[2026-06-18T23:28:29.773+0000] {manager.py:997} INFO - 
================================================================================
DAG File Processing Stats

File Path                             PID    Runtime      # DAGs    # Errors  Last Runtime    Last Run               Last # of DB Queries
------------------------------------  -----  ---------  --------  ----------  --------------  -------------------  ----------------------
/opt/airflow/dags/predictions_dag.py                           1           0  0.32s           2026-06-18T23:28:29                      12
/opt/airflow/dags/retrain_dag.py                               1           0  0.12s           2026-06-18T23:28:00                      12
================================================================================
[2026-06-18T23:29:00.835+0000] {manager.py:997} INFO - 
================================================================================
DAG File Processing Stats

File Path                             PID    Runtime      # DAGs    # Errors  Last Runtime    Last Run               Last # of DB Queries
------------------------------------  -----  ---------  --------  ----------  --------------  -------------------  ----------------------
/opt/airflow/dags/predictions_dag.py                           1           0  0.42s           2026-06-18T23:29:00                      12
/opt/airflow/dags/retrain_dag.py                               1           0  0.11s           2026-06-18T23:28:30                      12
================================================================================
[2026-06-18T23:29:03.725+0000] {manager.py:821} INFO - Searching for files in /opt/airflow/dags
[2026-06-18T23:29:03.734+0000] {manager.py:824} INFO - There are 2 files in /opt/airflow/dags
[2026-06-18T23:29:31.943+0000] {manager.py:997} INFO - 
================================================================================
DAG File Processing Stats

File Path                             PID    Runtime      # DAGs    # Errors  Last Runtime    Last Run               Last # of DB Queries
------------------------------------  -----  ---------  --------  ----------  --------------  -------------------  ----------------------
/opt/airflow/dags/predictions_dag.py                           1           0  0.53s           2026-06-18T23:29:31                      12
/opt/airflow/dags/retrain_dag.py                               1           0  0.11s           2026-06-18T23:29:02                      12
================================================================================
[2026-06-18T23:30:03.258+0000] {manager.py:997} INFO - 
================================================================================
DAG File Processing Stats

File Path                             PID    Runtime      # DAGs    # Errors  Last Runtime    Last Run               Last # of DB Queries
------------------------------------  -----  ---------  --------  ----------  --------------  -------------------  ----------------------
/opt/airflow/dags/predictions_dag.py                           1           0  0.64s           2026-06-18T23:30:03                      12
/opt/airflow/dags/retrain_dag.py                               1           0  0.11s           2026-06-18T23:29:32                      12
================================================================================
[2026-06-18T23:30:34.150+0000] {manager.py:997} INFO - 
================================================================================
DAG File Processing Stats

File Path                             PID    Runtime      # DAGs    # Errors  Last Runtime    Last Run               Last # of DB Queries
------------------------------------  -----  ---------  --------  ----------  --------------  -------------------  ----------------------
/opt/airflow/dags/predictions_dag.py                           1           0  0.44s           2026-06-18T23:30:34                      12
/opt/airflow/dags/retrain_dag.py                               1           0  0.11s           2026-06-18T23:30:03                      12
================================================================================
[2026-06-18T23:31:04.817+0000] {manager.py:997} INFO - 
================================================================================
DAG File Processing Stats

File Path                             PID    Runtime      # DAGs    # Errors  Last Runtime    Last Run               Last # of DB Queries
------------------------------------  -----  ---------  --------  ----------  --------------  -------------------  ----------------------
/opt/airflow/dags/retrain_dag.py                               1           0  0.32s           2026-06-18T23:31:02                      22
/opt/airflow/dags/predictions_dag.py                           1           0  0.32s           2026-06-18T23:31:04                      12
================================================================================
[2026-06-18T23:31:35.293+0000] {manager.py:997} INFO - 
================================================================================
DAG File Processing Stats

File Path                             PID    Runtime      # DAGs    # Errors  Last Runtime    Last Run               Last # of DB Queries
------------------------------------  -----  ---------  --------  ----------  --------------  -------------------  ----------------------
/opt/airflow/dags/predictions_dag.py                           1           0  0.54s           2026-06-18T23:31:22                      22
/opt/airflow/dags/retrain_dag.py                               1           0  0.22s           2026-06-18T23:31:33                      12
================================================================================
[2026-06-18T23:32:05.693+0000] {manager.py:997} INFO - 
================================================================================
DAG File Processing Stats

File Path                             PID    Runtime      # DAGs    # Errors  Last Runtime    Last Run               Last # of DB Queries
------------------------------------  -----  ---------  --------  ----------  --------------  -------------------  ----------------------
/opt/airflow/dags/predictions_dag.py                           1           0  0.43s           2026-06-18T23:31:54                      12
/opt/airflow/dags/retrain_dag.py                               1           0  0.23s           2026-06-18T23:32:03                      12
================================================================================
[2026-06-18T23:32:36.080+0000] {manager.py:997} INFO - 
================================================================================
DAG File Processing Stats

File Path                             PID    Runtime      # DAGs    # Errors  Last Runtime    Last Run               Last # of DB Queries
------------------------------------  -----  ---------  --------  ----------  --------------  -------------------  ----------------------
/opt/airflow/dags/predictions_dag.py                           1           0  0.42s           2026-06-18T23:32:25                      12
/opt/airflow/dags/retrain_dag.py                               1           0  0.11s           2026-06-18T23:32:34                      12
================================================================================
[2026-06-18T23:33:06.349+0000] {manager.py:997} INFO - 
================================================================================
DAG File Processing Stats

File Path                             PID    Runtime      # DAGs    # Errors  Last Runtime    Last Run               Last # of DB Queries
------------------------------------  -----  ---------  --------  ----------  --------------  -------------------  ----------------------
/opt/airflow/dags/predictions_dag.py                           1           0  0.42s           2026-06-18T23:32:56                      12
/opt/airflow/dags/retrain_dag.py                               1           0  0.21s           2026-06-18T23:33:05                      12
================================================================================
[2026-06-18T23:33:37.073+0000] {manager.py:997} INFO - 
================================================================================
DAG File Processing Stats

File Path                             PID    Runtime      # DAGs    # Errors  Last Runtime    Last Run               Last # of DB Queries
------------------------------------  -----  ---------  --------  ----------  --------------  -------------------  ----------------------
/opt/airflow/dags/predictions_dag.py                           1           0  0.43s           2026-06-18T23:33:27                      12
/opt/airflow/dags/retrain_dag.py                               1           0  0.23s           2026-06-18T23:33:36                      12
================================================================================
[2026-06-18T23:34:03.937+0000] {manager.py:821} INFO - Searching for files in /opt/airflow/dags
[2026-06-18T23:34:03.950+0000] {manager.py:824} INFO - There are 2 files in /opt/airflow/dags
[2026-06-18T23:34:07.610+0000] {manager.py:997} INFO - 
================================================================================
DAG File Processing Stats

File Path                             PID    Runtime      # DAGs    # Errors  Last Runtime    Last Run               Last # of DB Queries
------------------------------------  -----  ---------  --------  ----------  --------------  -------------------  ----------------------
/opt/airflow/dags/predictions_dag.py                           1           0  0.52s           2026-06-18T23:34:00                      12
/opt/airflow/dags/retrain_dag.py                               1           0  0.24s           2026-06-18T23:34:06                      12
================================================================================
[2026-06-18T23:34:37.839+0000] {manager.py:997} INFO - 
================================================================================
DAG File Processing Stats

File Path                             PID    Runtime      # DAGs    # Errors  Last Runtime    Last Run               Last # of DB Queries
------------------------------------  -----  ---------  --------  ----------  --------------  -------------------  ----------------------
/opt/airflow/dags/predictions_dag.py                           1           0  0.44s           2026-06-18T23:34:32                      12
/opt/airflow/dags/retrain_dag.py                               1           0  0.12s           2026-06-18T23:34:36                      12
================================================================================
[2026-06-18T23:35:08.503+0000] {manager.py:997} INFO - 
================================================================================
DAG File Processing Stats

File Path                             PID    Runtime      # DAGs    # Errors  Last Runtime    Last Run               Last # of DB Queries
------------------------------------  -----  ---------  --------  ----------  --------------  -------------------  ----------------------
/opt/airflow/dags/predictions_dag.py                           1           0  0.44s           2026-06-18T23:35:03                      12
/opt/airflow/dags/retrain_dag.py                               1           0  0.34s           2026-06-18T23:35:07                      12
================================================================================
[2026-06-18T23:35:38.535+0000] {manager.py:997} INFO - 
================================================================================
DAG File Processing Stats

File Path                             PID    Runtime      # DAGs    # Errors  Last Runtime    Last Run               Last # of DB Queries
------------------------------------  -----  ---------  --------  ----------  --------------  -------------------  ----------------------
/opt/airflow/dags/predictions_dag.py                           1           0  0.44s           2026-06-18T23:35:34                      12
/opt/airflow/dags/retrain_dag.py                               1           0  0.11s           2026-06-18T23:35:38                      12
================================================================================
[2026-06-18T23:36:09.051+0000] {manager.py:997} INFO - 
================================================================================
DAG File Processing Stats

File Path                             PID    Runtime      # DAGs    # Errors  Last Runtime    Last Run               Last # of DB Queries
------------------------------------  -----  ---------  --------  ----------  --------------  -------------------  ----------------------
/opt/airflow/dags/predictions_dag.py                           1           0  0.54s           2026-06-18T23:36:05                      12
/opt/airflow/dags/retrain_dag.py                               1           0  0.23s           2026-06-18T23:36:09                      12
================================================================================
[2026-06-18T23:36:39.563+0000] {manager.py:997} INFO - 
================================================================================
DAG File Processing Stats

File Path                             PID    Runtime      # DAGs    # Errors  Last Runtime    Last Run               Last # of DB Queries
------------------------------------  -----  ---------  --------  ----------  --------------  -------------------  ----------------------
/opt/airflow/dags/predictions_dag.py                           1           0  0.66s           2026-06-18T23:36:36                      12
/opt/airflow/dags/retrain_dag.py                               1           0  0.22s           2026-06-18T23:36:39                      12
================================================================================
[2026-06-18T23:37:10.068+0000] {manager.py:997} INFO - 
================================================================================
DAG File Processing Stats

File Path                             PID    Runtime      # DAGs    # Errors  Last Runtime    Last Run               Last # of DB Queries
------------------------------------  -----  ---------  --------  ----------  --------------  -------------------  ----------------------
/opt/airflow/dags/predictions_dag.py                           1           0  0.44s           2026-06-18T23:37:07                      12
/opt/airflow/dags/retrain_dag.py                               1           0  0.11s           2026-06-18T23:37:10                      12
================================================================================
[2026-06-18T23:37:41.009+0000] {manager.py:997} INFO - 
================================================================================
DAG File Processing Stats

File Path                             PID    Runtime      # DAGs    # Errors  Last Runtime    Last Run               Last # of DB Queries
------------------------------------  -----  ---------  --------  ----------  --------------  -------------------  ----------------------
/opt/airflow/dags/predictions_dag.py                           1           0  0.43s           2026-06-18T23:37:38                      12
/opt/airflow/dags/retrain_dag.py                               1           0  0.23s           2026-06-18T23:37:41                      12
================================================================================
[2026-06-18T23:38:11.473+0000] {manager.py:997} INFO - 
================================================================================
DAG File Processing Stats

File Path                             PID    Runtime      # DAGs    # Errors  Last Runtime    Last Run               Last # of DB Queries
------------------------------------  -----  ---------  --------  ----------  --------------  -------------------  ----------------------
/opt/airflow/dags/predictions_dag.py                           1           0  0.42s           2026-06-18T23:38:09                      12
/opt/airflow/dags/retrain_dag.py                               1           0  0.11s           2026-06-18T23:38:11                      12
================================================================================
[2026-06-18T23:38:41.724+0000] {manager.py:997} INFO - 
================================================================================
DAG File Processing Stats

File Path                             PID    Runtime      # DAGs    # Errors  Last Runtime    Last Run               Last # of DB Queries
------------------------------------  -----  ---------  --------  ----------  --------------  -------------------  ----------------------
/opt/airflow/dags/predictions_dag.py                           1           0  0.32s           2026-06-18T23:38:40                      12
/opt/airflow/dags/retrain_dag.py                               1           0  0.11s           2026-06-18T23:38:41                      12
================================================================================
[2026-06-18T23:39:04.366+0000] {manager.py:821} INFO - Searching for files in /opt/airflow/dags
[2026-06-18T23:39:04.373+0000] {manager.py:824} INFO - There are 2 files in /opt/airflow/dags
[2026-06-18T23:39:11.946+0000] {manager.py:997} INFO - 
================================================================================
DAG File Processing Stats

File Path                             PID    Runtime      # DAGs    # Errors  Last Runtime    Last Run               Last # of DB Queries
------------------------------------  -----  ---------  --------  ----------  --------------  -------------------  ----------------------
/opt/airflow/dags/predictions_dag.py                           1           0  0.53s           2026-06-18T23:39:11                      12
/opt/airflow/dags/retrain_dag.py                               1           0  0.11s           2026-06-18T23:39:11                      12
================================================================================
[2026-06-18T23:39:42.227+0000] {manager.py:997} INFO - 
================================================================================
DAG File Processing Stats

File Path                             PID    Runtime      # DAGs    # Errors  Last Runtime    Last Run               Last # of DB Queries
------------------------------------  -----  ---------  --------  ----------  --------------  -------------------  ----------------------
/opt/airflow/dags/predictions_dag.py                           1           0  0.63s           2026-06-18T23:39:42                      12
/opt/airflow/dags/retrain_dag.py                               1           0  0.11s           2026-06-18T23:39:11                      12
================================================================================
[2026-06-18T23:40:13.124+0000] {manager.py:997} INFO - 
================================================================================
DAG File Processing Stats

File Path                             PID    Runtime      # DAGs    # Errors  Last Runtime    Last Run               Last # of DB Queries
------------------------------------  -----  ---------  --------  ----------  --------------  -------------------  ----------------------
/opt/airflow/dags/predictions_dag.py                           1           0  0.68s           2026-06-18T23:40:13                      12
/opt/airflow/dags/retrain_dag.py                               1           0  0.11s           2026-06-18T23:39:43                      12
================================================================================
[2026-06-18T23:40:43.870+0000] {manager.py:997} INFO - 
================================================================================
DAG File Processing Stats

File Path                             PID    Runtime      # DAGs    # Errors  Last Runtime    Last Run               Last # of DB Queries
------------------------------------  -----  ---------  --------  ----------  --------------  -------------------  ----------------------
/opt/airflow/dags/predictions_dag.py                           1           0  0.54s           2026-06-18T23:40:43                      12
/opt/airflow/dags/retrain_dag.py                               1           0  0.10s           2026-06-18T23:40:14                      12
================================================================================
[2026-06-18T23:41:14.557+0000] {manager.py:997} INFO - 
================================================================================
DAG File Processing Stats

File Path                             PID    Runtime      # DAGs    # Errors  Last Runtime    Last Run               Last # of DB Queries
------------------------------------  -----  ---------  --------  ----------  --------------  -------------------  ----------------------
/opt/airflow/dags/predictions_dag.py                           1           0  0.53s           2026-06-18T23:41:14                      12
/opt/airflow/dags/retrain_dag.py                               1           0  0.10s           2026-06-18T23:40:45                      12
================================================================================
[2026-06-18T23:41:46.054+0000] {manager.py:997} INFO - 
================================================================================
DAG File Processing Stats

File Path                             PID    Runtime      # DAGs    # Errors  Last Runtime    Last Run               Last # of DB Queries
------------------------------------  -----  ---------  --------  ----------  --------------  -------------------  ----------------------
/opt/airflow/dags/predictions_dag.py                           1           0  1.35s           2026-06-18T23:41:46                      12
/opt/airflow/dags/retrain_dag.py                               1           0  0.11s           2026-06-18T23:41:15                      12
================================================================================
[2026-06-18T23:42:17.995+0000] {manager.py:997} INFO - 
================================================================================
DAG File Processing Stats

File Path                             PID    Runtime      # DAGs    # Errors  Last Runtime    Last Run               Last # of DB Queries
------------------------------------  -----  ---------  --------  ----------  --------------  -------------------  ----------------------
/opt/airflow/dags/predictions_dag.py                           1           0  1.89s           2026-06-18T23:42:17                      12
/opt/airflow/dags/retrain_dag.py                               1           0  0.32s           2026-06-18T23:41:47                      12
================================================================================
[2026-06-18T23:42:51.728+0000] {manager.py:997} INFO - 
================================================================================
DAG File Processing Stats

File Path                             PID    Runtime      # DAGs    # Errors  Last Runtime    Last Run               Last # of DB Queries
------------------------------------  -----  ---------  --------  ----------  --------------  -------------------  ----------------------
/opt/airflow/dags/predictions_dag.py                           1           0  3.41s           2026-06-18T23:42:51                      12
/opt/airflow/dags/retrain_dag.py                               1           0  0.53s           2026-06-18T23:42:19                      12
================================================================================
[2026-06-18T23:43:24.158+0000] {manager.py:997} INFO - 
================================================================================
DAG File Processing Stats

File Path                             PID    Runtime      # DAGs    # Errors  Last Runtime    Last Run               Last # of DB Queries
------------------------------------  -----  ---------  --------  ----------  --------------  -------------------  ----------------------
/opt/airflow/dags/predictions_dag.py                           1           0  1.68s           2026-06-18T23:43:24                      12
/opt/airflow/dags/retrain_dag.py                               1           0  0.80s           2026-06-18T23:42:53                      12
================================================================================
[2026-06-18T23:43:55.911+0000] {manager.py:997} INFO - 
================================================================================
DAG File Processing Stats

File Path                             PID    Runtime      # DAGs    # Errors  Last Runtime    Last Run               Last # of DB Queries
------------------------------------  -----  ---------  --------  ----------  --------------  -------------------  ----------------------
/opt/airflow/dags/predictions_dag.py                           1           0  1.59s           2026-06-18T23:43:55                      12
/opt/airflow/dags/retrain_dag.py                               1           0  0.32s           2026-06-18T23:43:25                      12
================================================================================
[2026-06-18T23:44:04.755+0000] {manager.py:821} INFO - Searching for files in /opt/airflow/dags
[2026-06-18T23:44:04.790+0000] {manager.py:824} INFO - There are 2 files in /opt/airflow/dags
[2026-06-18T23:44:28.459+0000] {manager.py:997} INFO - 
================================================================================
DAG File Processing Stats

File Path                             PID    Runtime      # DAGs    # Errors  Last Runtime    Last Run               Last # of DB Queries
------------------------------------  -----  ---------  --------  ----------  --------------  -------------------  ----------------------
/opt/airflow/dags/predictions_dag.py                           1           0  2.11s           2026-06-18T23:44:28                      12
/opt/airflow/dags/retrain_dag.py                               1           0  0.94s           2026-06-18T23:43:58                      12
================================================================================
[2026-06-18T23:45:01.440+0000] {manager.py:997} INFO - 
================================================================================
DAG File Processing Stats

File Path                             PID    Runtime      # DAGs    # Errors  Last Runtime    Last Run               Last # of DB Queries
------------------------------------  -----  ---------  --------  ----------  --------------  -------------------  ----------------------
/opt/airflow/dags/predictions_dag.py                           1           0  2.52s           2026-06-18T23:45:01                      12
/opt/airflow/dags/retrain_dag.py                               1           0  0.54s           2026-06-18T23:44:30                      12
================================================================================
[2026-06-18T23:45:34.606+0000] {manager.py:997} INFO - 
================================================================================
DAG File Processing Stats

File Path                             PID    Runtime      # DAGs    # Errors  Last Runtime    Last Run               Last # of DB Queries
------------------------------------  -----  ---------  --------  ----------  --------------  -------------------  ----------------------
/opt/airflow/dags/predictions_dag.py                           1           0  2.28s           2026-06-18T23:45:34                      12
/opt/airflow/dags/retrain_dag.py                               1           0  1.92s           2026-06-18T23:45:04                      12
================================================================================
[2026-06-18T23:46:06.272+0000] {manager.py:997} INFO - 
================================================================================
DAG File Processing Stats

File Path                             PID    Runtime      # DAGs    # Errors  Last Runtime    Last Run               Last # of DB Queries
------------------------------------  -----  ---------  --------  ----------  --------------  -------------------  ----------------------
/opt/airflow/dags/predictions_dag.py                           1           0  1.35s           2026-06-18T23:46:06                      12
/opt/airflow/dags/retrain_dag.py                               1           0  0.71s           2026-06-18T23:45:36                      12
================================================================================
[2026-06-18T23:46:38.125+0000] {manager.py:997} INFO - 
================================================================================
DAG File Processing Stats

File Path                             PID    Runtime      # DAGs    # Errors  Last Runtime    Last Run               Last # of DB Queries
------------------------------------  -----  ---------  --------  ----------  --------------  -------------------  ----------------------
/opt/airflow/dags/predictions_dag.py                           1           0  1.61s           2026-06-18T23:46:38                      12
/opt/airflow/dags/retrain_dag.py                               1           0  0.11s           2026-06-18T23:46:07                      12
================================================================================
[2026-06-18T23:47:08.838+0000] {manager.py:997} INFO - 
================================================================================
DAG File Processing Stats

File Path                             PID    Runtime      # DAGs    # Errors  Last Runtime    Last Run               Last # of DB Queries
------------------------------------  -----  ---------  --------  ----------  --------------  -------------------  ----------------------
/opt/airflow/dags/predictions_dag.py                           1           0  0.52s           2026-06-18T23:47:08                      12
/opt/airflow/dags/retrain_dag.py                               1           0  0.21s           2026-06-18T23:46:39                      12
================================================================================
[2026-06-18T23:47:39.376+0000] {manager.py:1146} ERROR - Processor for /opt/airflow/dags/predictions_dag.py exited with return code 1.
[2026-06-18T23:47:39.388+0000] {manager.py:997} INFO - 
================================================================================
DAG File Processing Stats

File Path                             PID    Runtime      # DAGs    # Errors  Last Runtime    Last Run               Last # of DB Queries
------------------------------------  -----  ---------  --------  ----------  --------------  -------------------  ----------------------
/opt/airflow/dags/predictions_dag.py                           0          -1  0.42s           2026-06-18T23:47:39                       0
/opt/airflow/dags/retrain_dag.py                               1           0  0.10s           2026-06-18T23:47:10                      12
================================================================================
[2026-06-18T23:47:41.556+0000] {manager.py:465} INFO - Exiting gracefully upon receiving signal 15
[2026-06-19T00:16:41.645+0000] {manager.py:483} INFO - Processing files using up to 1 processes at a time 
[2026-06-19T00:16:41.645+0000] {manager.py:484} INFO - Process each file at most once every 30 seconds
[2026-06-19T00:16:41.645+0000] {manager.py:485} INFO - Checking for new files in /opt/airflow/dags every 300 seconds
[2026-06-19T00:16:41.646+0000] {manager.py:821} INFO - Searching for files in /opt/airflow/dags
[2026-06-19T00:16:41.649+0000] {manager.py:824} INFO - There are 2 files in /opt/airflow/dags
[2026-06-19T00:16:53.786+0000] {manager.py:997} INFO - 
================================================================================
DAG File Processing Stats

File Path                             PID    Runtime      # DAGs    # Errors  Last Runtime    Last Run               Last # of DB Queries
------------------------------------  -----  ---------  --------  ----------  --------------  -------------------  ----------------------
/opt/airflow/dags/predictions_dag.py                           1           0  0.61s           2026-06-19T00:16:42                      12
/opt/airflow/dags/retrain_dag.py                               1           0  0.11s           2026-06-19T00:16:43                      12
================================================================================
[2026-06-19T00:17:24.005+0000] {manager.py:997} INFO - 
================================================================================
DAG File Processing Stats

File Path                             PID    Runtime      # DAGs    # Errors  Last Runtime    Last Run               Last # of DB Queries
------------------------------------  -----  ---------  --------  ----------  --------------  -------------------  ----------------------
/opt/airflow/dags/predictions_dag.py                           1           0  0.53s           2026-06-19T00:17:13                      12
/opt/airflow/dags/retrain_dag.py                               1           0  0.21s           2026-06-19T00:17:14                      12
================================================================================
[2026-06-19T00:17:54.428+0000] {manager.py:997} INFO - 
================================================================================
DAG File Processing Stats

File Path                             PID    Runtime      # DAGs    # Errors  Last Runtime    Last Run               Last # of DB Queries
------------------------------------  -----  ---------  --------  ----------  --------------  -------------------  ----------------------
/opt/airflow/dags/predictions_dag.py                           1           0  0.43s           2026-06-19T00:17:44                      12
/opt/airflow/dags/retrain_dag.py                               1           0  0.11s           2026-06-19T00:17:45                      12
================================================================================
[2026-06-19T00:18:24.819+0000] {manager.py:997} INFO - 
================================================================================
DAG File Processing Stats

File Path                             PID    Runtime      # DAGs    # Errors  Last Runtime    Last Run               Last # of DB Queries
------------------------------------  -----  ---------  --------  ----------  --------------  -------------------  ----------------------
/opt/airflow/dags/predictions_dag.py                           1           0  0.44s           2026-06-19T00:18:15                      12
/opt/airflow/dags/retrain_dag.py                               1           0  0.10s           2026-06-19T00:18:16                      12
================================================================================
[2026-06-19T00:18:55.372+0000] {manager.py:997} INFO - 
================================================================================
DAG File Processing Stats

File Path                             PID    Runtime      # DAGs    # Errors  Last Runtime    Last Run               Last # of DB Queries
------------------------------------  -----  ---------  --------  ----------  --------------  -------------------  ----------------------
/opt/airflow/dags/predictions_dag.py                           1           0  0.41s           2026-06-19T00:18:45                      12
/opt/airflow/dags/retrain_dag.py                               1           0  0.11s           2026-06-19T00:18:46                      12
================================================================================
[2026-06-19T00:19:25.782+0000] {manager.py:997} INFO - 
================================================================================
DAG File Processing Stats

File Path                             PID    Runtime      # DAGs    # Errors  Last Runtime    Last Run               Last # of DB Queries
------------------------------------  -----  ---------  --------  ----------  --------------  -------------------  ----------------------
/opt/airflow/dags/predictions_dag.py                           1           0  0.53s           2026-06-19T00:19:17                      12
/opt/airflow/dags/retrain_dag.py                               1           0  0.11s           2026-06-19T00:19:18                      12
================================================================================
[2026-06-19T00:19:56.027+0000] {manager.py:997} INFO - 
================================================================================
DAG File Processing Stats

File Path                             PID    Runtime      # DAGs    # Errors  Last Runtime    Last Run               Last # of DB Queries
------------------------------------  -----  ---------  --------  ----------  --------------  -------------------  ----------------------
/opt/airflow/dags/predictions_dag.py                           1           0  1.17s           2026-06-19T00:19:49                      12
/opt/airflow/dags/retrain_dag.py                               1           0  0.10s           2026-06-19T00:19:49                      12
================================================================================
[2026-06-19T00:20:26.257+0000] {manager.py:997} INFO - 
================================================================================
DAG File Processing Stats

File Path                             PID    Runtime      # DAGs    # Errors  Last Runtime    Last Run               Last # of DB Queries
------------------------------------  -----  ---------  --------  ----------  --------------  -------------------  ----------------------
/opt/airflow/dags/predictions_dag.py                           1           0  1.64s           2026-06-19T00:20:21                      12
/opt/airflow/dags/retrain_dag.py                               1           0  0.11s           2026-06-19T00:20:22                      12
================================================================================
[2026-06-19T00:20:57.019+0000] {manager.py:997} INFO - 
================================================================================
DAG File Processing Stats

File Path                             PID    Runtime      # DAGs    # Errors  Last Runtime    Last Run               Last # of DB Queries
------------------------------------  -----  ---------  --------  ----------  --------------  -------------------  ----------------------
/opt/airflow/dags/predictions_dag.py                           1           0  0.43s           2026-06-19T00:20:52                      12
/opt/airflow/dags/retrain_dag.py                               1           0  0.11s           2026-06-19T00:20:52                      12
================================================================================
[2026-06-19T00:21:27.324+0000] {manager.py:997} INFO - 
================================================================================
DAG File Processing Stats

File Path                             PID    Runtime      # DAGs    # Errors  Last Runtime    Last Run               Last # of DB Queries
------------------------------------  -----  ---------  --------  ----------  --------------  -------------------  ----------------------
/opt/airflow/dags/predictions_dag.py                           1           0  0.62s           2026-06-19T00:21:22                      12
/opt/airflow/dags/retrain_dag.py                               1           0  0.11s           2026-06-19T00:21:24                      12
================================================================================
[2026-06-19T00:21:41.653+0000] {manager.py:821} INFO - Searching for files in /opt/airflow/dags
[2026-06-19T00:21:41.665+0000] {manager.py:824} INFO - There are 2 files in /opt/airflow/dags
[2026-06-19T00:21:57.577+0000] {manager.py:997} INFO - 
================================================================================
DAG File Processing Stats

File Path                             PID    Runtime      # DAGs    # Errors  Last Runtime    Last Run               Last # of DB Queries
------------------------------------  -----  ---------  --------  ----------  --------------  -------------------  ----------------------
/opt/airflow/dags/predictions_dag.py                           1           0  0.33s           2026-06-19T00:21:53                      12
/opt/airflow/dags/retrain_dag.py                               1           0  0.11s           2026-06-19T00:21:54                      12
================================================================================
[2026-06-19T00:22:27.670+0000] {manager.py:997} INFO - 
================================================================================
DAG File Processing Stats

File Path                             PID    Runtime      # DAGs    # Errors  Last Runtime    Last Run               Last # of DB Queries
------------------------------------  -----  ---------  --------  ----------  --------------  -------------------  ----------------------
/opt/airflow/dags/predictions_dag.py                           1           0  0.51s           2026-06-19T00:22:24                      12
/opt/airflow/dags/retrain_dag.py                               1           0  0.10s           2026-06-19T00:22:25                      12
================================================================================
[2026-06-19T00:22:57.770+0000] {manager.py:997} INFO - 
================================================================================
DAG File Processing Stats

File Path                             PID    Runtime      # DAGs    # Errors  Last Runtime    Last Run               Last # of DB Queries
------------------------------------  -----  ---------  --------  ----------  --------------  -------------------  ----------------------
/opt/airflow/dags/predictions_dag.py                           1           0  0.42s           2026-06-19T00:22:54                      12
/opt/airflow/dags/retrain_dag.py                               1           0  0.11s           2026-06-19T00:22:55                      12
================================================================================
[2026-06-19T00:23:27.863+0000] {manager.py:997} INFO - 
================================================================================
DAG File Processing Stats

File Path                             PID    Runtime      # DAGs    # Errors  Last Runtime    Last Run               Last # of DB Queries
------------------------------------  -----  ---------  --------  ----------  --------------  -------------------  ----------------------
/opt/airflow/dags/predictions_dag.py                           1           0  0.32s           2026-06-19T00:23:25                      12
/opt/airflow/dags/retrain_dag.py                               1           0  0.11s           2026-06-19T00:23:26                      12
================================================================================
[2026-06-19T00:23:57.940+0000] {manager.py:997} INFO - 
================================================================================
DAG File Processing Stats

File Path                             PID    Runtime      # DAGs    # Errors  Last Runtime    Last Run               Last # of DB Queries
------------------------------------  -----  ---------  --------  ----------  --------------  -------------------  ----------------------
/opt/airflow/dags/predictions_dag.py                           1           0  0.32s           2026-06-19T00:23:55                      12
/opt/airflow/dags/retrain_dag.py                               1           0  0.11s           2026-06-19T00:23:56                      12
================================================================================
[2026-06-19T00:24:28.028+0000] {manager.py:997} INFO - 
================================================================================
DAG File Processing Stats

File Path                             PID    Runtime      # DAGs    # Errors  Last Runtime    Last Run               Last # of DB Queries
------------------------------------  -----  ---------  --------  ----------  --------------  -------------------  ----------------------
/opt/airflow/dags/predictions_dag.py                           1           0  0.43s           2026-06-19T00:24:26                      12
/opt/airflow/dags/retrain_dag.py                               1           0  0.11s           2026-06-19T00:24:27                      12
================================================================================
[2026-06-19T00:24:58.038+0000] {manager.py:997} INFO - 
================================================================================
DAG File Processing Stats

File Path                             PID    Runtime      # DAGs    # Errors  Last Runtime    Last Run               Last # of DB Queries
------------------------------------  -----  ---------  --------  ----------  --------------  -------------------  ----------------------
/opt/airflow/dags/predictions_dag.py                           1           0  0.33s           2026-06-19T00:24:56                      12
/opt/airflow/dags/retrain_dag.py                               1           0  0.11s           2026-06-19T00:24:58                      12
================================================================================
[2026-06-19T00:25:28.304+0000] {manager.py:997} INFO - 
================================================================================
DAG File Processing Stats

File Path                             PID    Runtime      # DAGs    # Errors  Last Runtime    Last Run               Last # of DB Queries
------------------------------------  -----  ---------  --------  ----------  --------------  -------------------  ----------------------
/opt/airflow/dags/predictions_dag.py                           1           0  0.32s           2026-06-19T00:25:27                      12
/opt/airflow/dags/retrain_dag.py                               1           0  0.11s           2026-06-19T00:25:28                      12
================================================================================
[2026-06-19T00:25:58.494+0000] {manager.py:997} INFO - 
================================================================================
DAG File Processing Stats

File Path                             PID    Runtime      # DAGs    # Errors  Last Runtime    Last Run               Last # of DB Queries
------------------------------------  -----  ---------  --------  ----------  --------------  -------------------  ----------------------
/opt/airflow/dags/predictions_dag.py                           1           0  0.33s           2026-06-19T00:25:57                      12
/opt/airflow/dags/retrain_dag.py                               1           0  0.11s           2026-06-19T00:25:58                      12
================================================================================
[2026-06-19T00:26:28.675+0000] {manager.py:997} INFO - 
================================================================================
DAG File Processing Stats

File Path                             PID    Runtime      # DAGs    # Errors  Last Runtime    Last Run               Last # of DB Queries
------------------------------------  -----  ---------  --------  ----------  --------------  -------------------  ----------------------
/opt/airflow/dags/predictions_dag.py                           1           0  0.43s           2026-06-19T00:26:28                      12
/opt/airflow/dags/retrain_dag.py                               1           0  0.10s           2026-06-19T00:26:28                      12
================================================================================
[2026-06-19T00:26:41.713+0000] {manager.py:821} INFO - Searching for files in /opt/airflow/dags
[2026-06-19T00:26:41.728+0000] {manager.py:824} INFO - There are 2 files in /opt/airflow/dags
[2026-06-19T00:26:58.974+0000] {manager.py:997} INFO - 
================================================================================
DAG File Processing Stats

File Path                             PID    Runtime      # DAGs    # Errors  Last Runtime    Last Run               Last # of DB Queries
------------------------------------  -----  ---------  --------  ----------  --------------  -------------------  ----------------------
/opt/airflow/dags/predictions_dag.py                           1           0  0.42s           2026-06-19T00:26:58                      12
/opt/airflow/dags/retrain_dag.py                               1           0  0.10s           2026-06-19T00:26:28                      12
================================================================================
[2026-06-19T00:27:29.406+0000] {manager.py:997} INFO - 
================================================================================
DAG File Processing Stats

File Path                             PID    Runtime      # DAGs    # Errors  Last Runtime    Last Run               Last # of DB Queries
------------------------------------  -----  ---------  --------  ----------  --------------  -------------------  ----------------------
/opt/airflow/dags/predictions_dag.py                           1           0  0.33s           2026-06-19T00:27:29                      12
/opt/airflow/dags/retrain_dag.py                               1           0  0.11s           2026-06-19T00:27:00                      12
================================================================================
[2026-06-19T00:27:59.847+0000] {manager.py:997} INFO - 
================================================================================
DAG File Processing Stats

File Path                             PID    Runtime      # DAGs    # Errors  Last Runtime    Last Run               Last # of DB Queries
------------------------------------  -----  ---------  --------  ----------  --------------  -------------------  ----------------------
/opt/airflow/dags/predictions_dag.py                           1           0  0.33s           2026-06-19T00:27:59                      12
/opt/airflow/dags/retrain_dag.py                               1           0  0.11s           2026-06-19T00:27:30                      12
================================================================================
[2026-06-19T00:28:30.573+0000] {manager.py:997} INFO - 
================================================================================
DAG File Processing Stats

File Path                             PID    Runtime      # DAGs    # Errors  Last Runtime    Last Run               Last # of DB Queries
------------------------------------  -----  ---------  --------  ----------  --------------  -------------------  ----------------------
/opt/airflow/dags/predictions_dag.py                           1           0  0.63s           2026-06-19T00:28:30                      12
/opt/airflow/dags/retrain_dag.py                               1           0  0.11s           2026-06-19T00:28:01                      12
================================================================================
[2026-06-19T00:29:01.135+0000] {manager.py:997} INFO - 
================================================================================
DAG File Processing Stats

File Path                             PID    Runtime      # DAGs    # Errors  Last Runtime    Last Run               Last # of DB Queries
------------------------------------  -----  ---------  --------  ----------  --------------  -------------------  ----------------------
/opt/airflow/dags/predictions_dag.py                           1           0  0.44s           2026-06-19T00:29:01                      12
/opt/airflow/dags/retrain_dag.py                               1           0  0.11s           2026-06-19T00:28:31                      12
================================================================================
[2026-06-19T00:29:31.642+0000] {manager.py:997} INFO - 
================================================================================
DAG File Processing Stats

File Path                             PID    Runtime      # DAGs    # Errors  Last Runtime    Last Run               Last # of DB Queries
------------------------------------  -----  ---------  --------  ----------  --------------  -------------------  ----------------------
/opt/airflow/dags/predictions_dag.py                           1           0  0.43s           2026-06-19T00:29:31                      12
/opt/airflow/dags/retrain_dag.py                               1           0  0.11s           2026-06-19T00:29:02                      12
================================================================================
[2026-06-19T00:30:02.172+0000] {manager.py:997} INFO - 
================================================================================
DAG File Processing Stats

File Path                             PID    Runtime      # DAGs    # Errors  Last Runtime    Last Run               Last # of DB Queries
------------------------------------  -----  ---------  --------  ----------  --------------  -------------------  ----------------------
/opt/airflow/dags/predictions_dag.py                           1           0  0.43s           2026-06-19T00:30:02                      12
/opt/airflow/dags/retrain_dag.py                               1           0  0.11s           2026-06-19T00:29:32                      12
================================================================================
[2026-06-19T00:30:32.709+0000] {manager.py:997} INFO - 
================================================================================
DAG File Processing Stats

File Path                             PID    Runtime      # DAGs    # Errors  Last Runtime    Last Run               Last # of DB Queries
------------------------------------  -----  ---------  --------  ----------  --------------  -------------------  ----------------------
/opt/airflow/dags/predictions_dag.py                           1           0  0.44s           2026-06-19T00:30:32                      12
/opt/airflow/dags/retrain_dag.py                               1           0  0.11s           2026-06-19T00:30:03                      12
================================================================================
[2026-06-19T00:31:03.230+0000] {manager.py:997} INFO - 
================================================================================
DAG File Processing Stats

File Path                             PID    Runtime      # DAGs    # Errors  Last Runtime    Last Run               Last # of DB Queries
------------------------------------  -----  ---------  --------  ----------  --------------  -------------------  ----------------------
/opt/airflow/dags/predictions_dag.py                           1           0  0.43s           2026-06-19T00:31:03                      12
/opt/airflow/dags/retrain_dag.py                               1           0  0.11s           2026-06-19T00:30:33                      12
================================================================================
[2026-06-19T00:31:33.662+0000] {manager.py:997} INFO - 
================================================================================
DAG File Processing Stats

File Path                             PID    Runtime      # DAGs    # Errors  Last Runtime    Last Run               Last # of DB Queries
------------------------------------  -----  ---------  --------  ----------  --------------  -------------------  ----------------------
/opt/airflow/dags/predictions_dag.py                           1           0  0.33s           2026-06-19T00:31:33                      12
/opt/airflow/dags/retrain_dag.py                               1           0  0.11s           2026-06-19T00:31:04                      12
================================================================================
[2026-06-19T00:31:41.780+0000] {manager.py:821} INFO - Searching for files in /opt/airflow/dags
[2026-06-19T00:31:41.793+0000] {manager.py:824} INFO - There are 2 files in /opt/airflow/dags
[2026-06-19T00:32:04.084+0000] {manager.py:997} INFO - 
================================================================================
DAG File Processing Stats

File Path                             PID    Runtime      # DAGs    # Errors  Last Runtime    Last Run               Last # of DB Queries
------------------------------------  -----  ---------  --------  ----------  --------------  -------------------  ----------------------
/opt/airflow/dags/predictions_dag.py                           1           0  0.33s           2026-06-19T00:32:04                      12
/opt/airflow/dags/retrain_dag.py                               1           0  0.11s           2026-06-19T00:31:34                      12
================================================================================
[2026-06-19T00:32:34.488+0000] {manager.py:997} INFO - 
================================================================================
DAG File Processing Stats

File Path                             PID    Runtime      # DAGs    # Errors  Last Runtime    Last Run               Last # of DB Queries
------------------------------------  -----  ---------  --------  ----------  --------------  -------------------  ----------------------
/opt/airflow/dags/predictions_dag.py                           1           0  0.33s           2026-06-19T00:32:34                      12
/opt/airflow/dags/retrain_dag.py                               1           0  0.11s           2026-06-19T00:32:05                      12
================================================================================
[2026-06-19T00:33:04.903+0000] {manager.py:997} INFO - 
================================================================================
DAG File Processing Stats

File Path                             PID    Runtime      # DAGs    # Errors  Last Runtime    Last Run               Last # of DB Queries
------------------------------------  -----  ---------  --------  ----------  --------------  -------------------  ----------------------
/opt/airflow/dags/predictions_dag.py                           1           0  0.32s           2026-06-19T00:33:04                      12
/opt/airflow/dags/retrain_dag.py                               1           0  0.11s           2026-06-19T00:32:35                      12
================================================================================
[2026-06-19T00:33:35.414+0000] {manager.py:997} INFO - 
================================================================================
DAG File Processing Stats

File Path                             PID    Runtime      # DAGs    # Errors  Last Runtime    Last Run               Last # of DB Queries
------------------------------------  -----  ---------  --------  ----------  --------------  -------------------  ----------------------
/opt/airflow/dags/predictions_dag.py                           1           0  0.43s           2026-06-19T00:33:35                      12
/opt/airflow/dags/retrain_dag.py                               1           0  0.11s           2026-06-19T00:33:06                      12
================================================================================
[2026-06-19T00:34:05.951+0000] {manager.py:997} INFO - 
================================================================================
DAG File Processing Stats

File Path                             PID    Runtime      # DAGs    # Errors  Last Runtime    Last Run               Last # of DB Queries
------------------------------------  -----  ---------  --------  ----------  --------------  -------------------  ----------------------
/opt/airflow/dags/predictions_dag.py                           1           0  0.44s           2026-06-19T00:34:05                      12
/opt/airflow/dags/retrain_dag.py                               1           0  0.11s           2026-06-19T00:33:36                      12
================================================================================
[2026-06-19T00:34:36.461+0000] {manager.py:997} INFO - 
================================================================================
DAG File Processing Stats

File Path                             PID    Runtime      # DAGs    # Errors  Last Runtime    Last Run               Last # of DB Queries
------------------------------------  -----  ---------  --------  ----------  --------------  -------------------  ----------------------
/opt/airflow/dags/predictions_dag.py                           1           0  0.41s           2026-06-19T00:34:36                      12
/opt/airflow/dags/retrain_dag.py                               1           0  0.11s           2026-06-19T00:34:07                      12
================================================================================
[2026-06-19T00:35:06.992+0000] {manager.py:997} INFO - 
================================================================================
DAG File Processing Stats

File Path                             PID    Runtime      # DAGs    # Errors  Last Runtime    Last Run               Last # of DB Queries
------------------------------------  -----  ---------  --------  ----------  --------------  -------------------  ----------------------
/opt/airflow/dags/predictions_dag.py                           1           0  0.42s           2026-06-19T00:35:06                      12
/opt/airflow/dags/retrain_dag.py                               1           0  0.10s           2026-06-19T00:34:37                      12
================================================================================
[2026-06-19T00:35:37.608+0000] {manager.py:997} INFO - 
================================================================================
DAG File Processing Stats

File Path                             PID    Runtime      # DAGs    # Errors  Last Runtime    Last Run               Last # of DB Queries
------------------------------------  -----  ---------  --------  ----------  --------------  -------------------  ----------------------
/opt/airflow/dags/predictions_dag.py                           1           0  0.52s           2026-06-19T00:35:37                      12
/opt/airflow/dags/retrain_dag.py                               1           0  0.10s           2026-06-19T00:35:08                      12
================================================================================
[2026-06-19T00:36:08.530+0000] {manager.py:997} INFO - 
================================================================================
DAG File Processing Stats

File Path                             PID    Runtime      # DAGs    # Errors  Last Runtime    Last Run               Last # of DB Queries
------------------------------------  -----  ---------  --------  ----------  --------------  -------------------  ----------------------
/opt/airflow/dags/predictions_dag.py                           1           0  0.82s           2026-06-19T00:36:08                      12
/opt/airflow/dags/retrain_dag.py                               1           0  0.22s           2026-06-19T00:35:38                      12
================================================================================
[2026-06-19T00:36:39.185+0000] {manager.py:997} INFO - 
================================================================================
DAG File Processing Stats

File Path                             PID    Runtime      # DAGs    # Errors  Last Runtime    Last Run               Last # of DB Queries
------------------------------------  -----  ---------  --------  ----------  --------------  -------------------  ----------------------
/opt/airflow/dags/predictions_dag.py                           1           0  0.52s           2026-06-19T00:36:39                      12
/opt/airflow/dags/retrain_dag.py                               1           0  0.32s           2026-06-19T00:36:10                      12
================================================================================
[2026-06-19T00:36:41.844+0000] {manager.py:821} INFO - Searching for files in /opt/airflow/dags
[2026-06-19T00:36:41.852+0000] {manager.py:824} INFO - There are 2 files in /opt/airflow/dags
[2026-06-19T00:37:09.705+0000] {manager.py:997} INFO - 
================================================================================
DAG File Processing Stats

File Path                             PID    Runtime      # DAGs    # Errors  Last Runtime    Last Run               Last # of DB Queries
------------------------------------  -----  ---------  --------  ----------  --------------  -------------------  ----------------------
/opt/airflow/dags/predictions_dag.py                           1           0  0.43s           2026-06-19T00:37:09                      12
/opt/airflow/dags/retrain_dag.py                               1           0  0.12s           2026-06-19T00:36:40                      12
================================================================================
[2026-06-19T00:37:40.224+0000] {manager.py:997} INFO - 
================================================================================
DAG File Processing Stats

File Path                             PID    Runtime      # DAGs    # Errors  Last Runtime    Last Run               Last # of DB Queries
------------------------------------  -----  ---------  --------  ----------  --------------  -------------------  ----------------------
/opt/airflow/dags/predictions_dag.py                           1           0  0.43s           2026-06-19T00:37:40                      12
/opt/airflow/dags/retrain_dag.py                               1           0  0.11s           2026-06-19T00:37:10                      12
================================================================================
[2026-06-19T00:38:10.858+0000] {manager.py:997} INFO - 
================================================================================
DAG File Processing Stats

File Path                             PID    Runtime      # DAGs    # Errors  Last Runtime    Last Run               Last # of DB Queries
------------------------------------  -----  ---------  --------  ----------  --------------  -------------------  ----------------------
/opt/airflow/dags/predictions_dag.py                           1           0  0.53s           2026-06-19T00:38:10                      12
/opt/airflow/dags/retrain_dag.py                               1           0  0.11s           2026-06-19T00:37:41                      12
================================================================================
[2026-06-19T00:38:41.420+0000] {manager.py:997} INFO - 
================================================================================
DAG File Processing Stats

File Path                             PID    Runtime      # DAGs    # Errors  Last Runtime    Last Run               Last # of DB Queries
------------------------------------  -----  ---------  --------  ----------  --------------  -------------------  ----------------------
/opt/airflow/dags/predictions_dag.py                           1           0  0.43s           2026-06-19T00:38:41                      12
/opt/airflow/dags/retrain_dag.py                               1           0  0.10s           2026-06-19T00:38:12                      12
================================================================================
[2026-06-19T00:39:12.076+0000] {manager.py:997} INFO - 
================================================================================
DAG File Processing Stats

File Path                             PID    Runtime      # DAGs    # Errors  Last Runtime    Last Run               Last # of DB Queries
------------------------------------  -----  ---------  --------  ----------  --------------  -------------------  ----------------------
/opt/airflow/dags/predictions_dag.py                           1           0  0.53s           2026-06-19T00:39:12                      12
/opt/airflow/dags/retrain_dag.py                               1           0  0.11s           2026-06-19T00:38:42                      12
================================================================================
[2026-06-19T00:39:42.717+0000] {manager.py:997} INFO - 
================================================================================
DAG File Processing Stats

File Path                             PID    Runtime      # DAGs    # Errors  Last Runtime    Last Run               Last # of DB Queries
------------------------------------  -----  ---------  --------  ----------  --------------  -------------------  ----------------------
/opt/airflow/dags/predictions_dag.py                           1           0  0.54s           2026-06-19T00:39:42                      12
/opt/airflow/dags/retrain_dag.py                               1           0  0.11s           2026-06-19T00:39:13                      12
================================================================================
[2026-06-19T00:40:13.160+0000] {manager.py:997} INFO - 
================================================================================
DAG File Processing Stats

File Path                             PID    Runtime      # DAGs    # Errors  Last Runtime    Last Run               Last # of DB Queries
------------------------------------  -----  ---------  --------  ----------  --------------  -------------------  ----------------------
/opt/airflow/dags/predictions_dag.py                           1           0  0.32s           2026-06-19T00:40:13                      12
/opt/airflow/dags/retrain_dag.py                               1           0  0.11s           2026-06-19T00:39:43                      12
================================================================================
[2026-06-19T00:40:43.568+0000] {manager.py:997} INFO - 
================================================================================
DAG File Processing Stats

File Path                             PID    Runtime      # DAGs    # Errors  Last Runtime    Last Run               Last # of DB Queries
------------------------------------  -----  ---------  --------  ----------  --------------  -------------------  ----------------------
/opt/airflow/dags/predictions_dag.py                           1           0  0.32s           2026-06-19T00:40:43                      12
/opt/airflow/dags/retrain_dag.py                               1           0  0.11s           2026-06-19T00:40:14                      12
================================================================================
[2026-06-19T00:41:13.981+0000] {manager.py:997} INFO - 
================================================================================
DAG File Processing Stats

File Path                             PID    Runtime      # DAGs    # Errors  Last Runtime    Last Run               Last # of DB Queries
------------------------------------  -----  ---------  --------  ----------  --------------  -------------------  ----------------------
/opt/airflow/dags/predictions_dag.py                           1           0  0.32s           2026-06-19T00:41:13                      12
/opt/airflow/dags/retrain_dag.py                               1           0  0.11s           2026-06-19T00:40:44                      12
================================================================================
[2026-06-19T00:41:41.893+0000] {manager.py:821} INFO - Searching for files in /opt/airflow/dags
[2026-06-19T00:41:41.913+0000] {manager.py:824} INFO - There are 2 files in /opt/airflow/dags
[2026-06-19T00:41:44.392+0000] {manager.py:997} INFO - 
================================================================================
DAG File Processing Stats

File Path                             PID    Runtime      # DAGs    # Errors  Last Runtime    Last Run               Last # of DB Queries
------------------------------------  -----  ---------  --------  ----------  --------------  -------------------  ----------------------
/opt/airflow/dags/predictions_dag.py                           1           0  0.32s           2026-06-19T00:41:44                      12
/opt/airflow/dags/retrain_dag.py                               1           0  0.11s           2026-06-19T00:41:15                      12
================================================================================
[2026-06-19T00:42:14.916+0000] {manager.py:997} INFO - 
================================================================================
DAG File Processing Stats

File Path                             PID    Runtime      # DAGs    # Errors  Last Runtime    Last Run               Last # of DB Queries
------------------------------------  -----  ---------  --------  ----------  --------------  -------------------  ----------------------
/opt/airflow/dags/predictions_dag.py                           1           0  0.42s           2026-06-19T00:42:14                      12
/opt/airflow/dags/retrain_dag.py                               1           0  0.11s           2026-06-19T00:41:45                      12
================================================================================
[2026-06-19T00:42:45.402+0000] {manager.py:997} INFO - 
================================================================================
DAG File Processing Stats

File Path                             PID    Runtime      # DAGs    # Errors  Last Runtime    Last Run               Last # of DB Queries
------------------------------------  -----  ---------  --------  ----------  --------------  -------------------  ----------------------
/opt/airflow/dags/predictions_dag.py                           1           0  0.43s           2026-06-19T00:42:45                      12
/opt/airflow/dags/retrain_dag.py                               1           0  0.11s           2026-06-19T00:42:16                      12
================================================================================
[2026-06-19T00:43:15.826+0000] {manager.py:997} INFO - 
================================================================================
DAG File Processing Stats

File Path                             PID    Runtime      # DAGs    # Errors  Last Runtime    Last Run               Last # of DB Queries
------------------------------------  -----  ---------  --------  ----------  --------------  -------------------  ----------------------
/opt/airflow/dags/predictions_dag.py                           1           0  0.33s           2026-06-19T00:43:15                      12
/opt/airflow/dags/retrain_dag.py                               1           0  0.11s           2026-06-19T00:42:46                      12
================================================================================
[2026-06-19T00:43:46.258+0000] {manager.py:997} INFO - 
================================================================================
DAG File Processing Stats

File Path                             PID    Runtime      # DAGs    # Errors  Last Runtime    Last Run               Last # of DB Queries
------------------------------------  -----  ---------  --------  ----------  --------------  -------------------  ----------------------
/opt/airflow/dags/predictions_dag.py                           1           0  0.33s           2026-06-19T00:43:46                      12
/opt/airflow/dags/retrain_dag.py                               1           0  0.11s           2026-06-19T00:43:17                      12
================================================================================
[2026-06-19T00:44:16.775+0000] {manager.py:997} INFO - 
================================================================================
DAG File Processing Stats

File Path                             PID    Runtime      # DAGs    # Errors  Last Runtime    Last Run               Last # of DB Queries
------------------------------------  -----  ---------  --------  ----------  --------------  -------------------  ----------------------
/opt/airflow/dags/predictions_dag.py                           1           0  0.42s           2026-06-19T00:44:16                      12
/opt/airflow/dags/retrain_dag.py                               1           0  0.10s           2026-06-19T00:43:47                      12
================================================================================
[2026-06-19T00:44:47.577+0000] {manager.py:997} INFO - 
================================================================================
DAG File Processing Stats

File Path                             PID    Runtime      # DAGs    # Errors  Last Runtime    Last Run               Last # of DB Queries
------------------------------------  -----  ---------  --------  ----------  --------------  -------------------  ----------------------
/opt/airflow/dags/predictions_dag.py                           1           0  0.67s           2026-06-19T00:44:47                      12
/opt/airflow/dags/retrain_dag.py                               1           0  0.11s           2026-06-19T00:44:17                      12
================================================================================
[2026-06-19T00:45:18.129+0000] {manager.py:997} INFO - 
================================================================================
DAG File Processing Stats

File Path                             PID    Runtime      # DAGs    # Errors  Last Runtime    Last Run               Last # of DB Queries
------------------------------------  -----  ---------  --------  ----------  --------------  -------------------  ----------------------
/opt/airflow/dags/predictions_dag.py                           1           0  0.43s           2026-06-19T00:45:18                      12
/opt/airflow/dags/retrain_dag.py                               1           0  0.23s           2026-06-19T00:44:48                      12
================================================================================
[2026-06-19T00:45:48.691+0000] {manager.py:997} INFO - 
================================================================================
DAG File Processing Stats

File Path                             PID    Runtime      # DAGs    # Errors  Last Runtime    Last Run               Last # of DB Queries
------------------------------------  -----  ---------  --------  ----------  --------------  -------------------  ----------------------
/opt/airflow/dags/predictions_dag.py                           1           0  0.44s           2026-06-19T00:45:48                      12
/opt/airflow/dags/retrain_dag.py                               1           0  0.21s           2026-06-19T00:45:19                      12
================================================================================
[2026-06-19T00:46:19.219+0000] {manager.py:997} INFO - 
================================================================================
DAG File Processing Stats

File Path                             PID    Runtime      # DAGs    # Errors  Last Runtime    Last Run               Last # of DB Queries
------------------------------------  -----  ---------  --------  ----------  --------------  -------------------  ----------------------
/opt/airflow/dags/predictions_dag.py                           1           0  0.42s           2026-06-19T00:46:19                      12
/opt/airflow/dags/retrain_dag.py                               1           0  0.11s           2026-06-19T00:45:49                      12
================================================================================
[2026-06-19T00:46:41.966+0000] {manager.py:821} INFO - Searching for files in /opt/airflow/dags
[2026-06-19T00:46:41.981+0000] {manager.py:824} INFO - There are 2 files in /opt/airflow/dags
[2026-06-19T00:46:49.659+0000] {manager.py:997} INFO - 
================================================================================
DAG File Processing Stats

File Path                             PID    Runtime      # DAGs    # Errors  Last Runtime    Last Run               Last # of DB Queries
------------------------------------  -----  ---------  --------  ----------  --------------  -------------------  ----------------------
/opt/airflow/dags/predictions_dag.py                           1           0  0.33s           2026-06-19T00:46:49                      12
/opt/airflow/dags/retrain_dag.py                               1           0  0.11s           2026-06-19T00:46:20                      12
================================================================================
[2026-06-19T00:47:20.513+0000] {manager.py:997} INFO - 
================================================================================
DAG File Processing Stats

File Path                             PID    Runtime      # DAGs    # Errors  Last Runtime    Last Run               Last # of DB Queries
------------------------------------  -----  ---------  --------  ----------  --------------  -------------------  ----------------------
/opt/airflow/dags/predictions_dag.py                           1           0  0.76s           2026-06-19T00:47:20                      12
/opt/airflow/dags/retrain_dag.py                               1           0  0.10s           2026-06-19T00:46:50                      12
================================================================================
[2026-06-19T00:47:50.984+0000] {manager.py:997} INFO - 
================================================================================
DAG File Processing Stats

File Path                             PID    Runtime      # DAGs    # Errors  Last Runtime    Last Run               Last # of DB Queries
------------------------------------  -----  ---------  --------  ----------  --------------  -------------------  ----------------------
/opt/airflow/dags/retrain_dag.py                               1           0  0.43s           2026-06-19T00:47:22                      12
/opt/airflow/dags/predictions_dag.py                           1           0  0.34s           2026-06-19T00:47:50                      12
================================================================================
[2026-06-19T00:48:21.520+0000] {manager.py:997} INFO - 
================================================================================
DAG File Processing Stats

File Path                             PID    Runtime      # DAGs    # Errors  Last Runtime    Last Run               Last # of DB Queries
------------------------------------  -----  ---------  --------  ----------  --------------  -------------------  ----------------------
/opt/airflow/dags/predictions_dag.py                           1           0  0.45s           2026-06-19T00:48:21                      12
/opt/airflow/dags/retrain_dag.py                               1           0  0.11s           2026-06-19T00:47:53                      12
================================================================================
[2026-06-19T00:48:52.067+0000] {manager.py:997} INFO - 
================================================================================
DAG File Processing Stats

File Path                             PID    Runtime      # DAGs    # Errors  Last Runtime    Last Run               Last # of DB Queries
------------------------------------  -----  ---------  --------  ----------  --------------  -------------------  ----------------------
/opt/airflow/dags/predictions_dag.py                           1           0  0.43s           2026-06-19T00:48:52                      12
/opt/airflow/dags/retrain_dag.py                               1           0  0.23s           2026-06-19T00:48:23                      12
================================================================================
[2026-06-19T00:49:22.617+0000] {manager.py:997} INFO - 
================================================================================
DAG File Processing Stats

File Path                             PID    Runtime      # DAGs    # Errors  Last Runtime    Last Run               Last # of DB Queries
------------------------------------  -----  ---------  --------  ----------  --------------  -------------------  ----------------------
/opt/airflow/dags/predictions_dag.py                           1           0  0.44s           2026-06-19T00:49:22                      12
/opt/airflow/dags/retrain_dag.py                               1           0  0.22s           2026-06-19T00:48:54                      12
================================================================================
[2026-06-19T00:49:53.057+0000] {manager.py:997} INFO - 
================================================================================
DAG File Processing Stats

File Path                             PID    Runtime      # DAGs    # Errors  Last Runtime    Last Run               Last # of DB Queries
------------------------------------  -----  ---------  --------  ----------  --------------  -------------------  ----------------------
/opt/airflow/dags/predictions_dag.py                           1           0  0.33s           2026-06-19T00:49:53                      12
/opt/airflow/dags/retrain_dag.py                               1           0  0.12s           2026-06-19T00:49:24                      12
================================================================================
[2026-06-19T00:50:23.597+0000] {manager.py:997} INFO - 
================================================================================
DAG File Processing Stats

File Path                             PID    Runtime      # DAGs    # Errors  Last Runtime    Last Run               Last # of DB Queries
------------------------------------  -----  ---------  --------  ----------  --------------  -------------------  ----------------------
/opt/airflow/dags/predictions_dag.py                           1           0  0.44s           2026-06-19T00:50:23                      12
/opt/airflow/dags/retrain_dag.py                               1           0  0.11s           2026-06-19T00:49:55                      12
================================================================================
[2026-06-19T00:50:54.042+0000] {manager.py:997} INFO - 
================================================================================
DAG File Processing Stats

File Path                             PID    Runtime      # DAGs    # Errors  Last Runtime    Last Run               Last # of DB Queries
------------------------------------  -----  ---------  --------  ----------  --------------  -------------------  ----------------------
/opt/airflow/dags/predictions_dag.py                           1           0  0.34s           2026-06-19T00:50:54                      12
/opt/airflow/dags/retrain_dag.py                               1           0  0.11s           2026-06-19T00:50:25                      12
================================================================================
[2026-06-19T00:51:24.571+0000] {manager.py:997} INFO - 
================================================================================
DAG File Processing Stats

File Path                             PID    Runtime      # DAGs    # Errors  Last Runtime    Last Run               Last # of DB Queries
------------------------------------  -----  ---------  --------  ----------  --------------  -------------------  ----------------------
/opt/airflow/dags/predictions_dag.py                           1           0  0.45s           2026-06-19T00:51:24                      12
/opt/airflow/dags/retrain_dag.py                               1           0  0.11s           2026-06-19T00:50:56                      12
================================================================================
[2026-06-19T00:51:42.041+0000] {manager.py:821} INFO - Searching for files in /opt/airflow/dags
[2026-06-19T00:51:42.055+0000] {manager.py:824} INFO - There are 2 files in /opt/airflow/dags
[2026-06-19T00:51:55.106+0000] {manager.py:997} INFO - 
================================================================================
DAG File Processing Stats

File Path                             PID    Runtime      # DAGs    # Errors  Last Runtime    Last Run               Last # of DB Queries
------------------------------------  -----  ---------  --------  ----------  --------------  -------------------  ----------------------
/opt/airflow/dags/predictions_dag.py                           1           0  0.44s           2026-06-19T00:51:55                      12
/opt/airflow/dags/retrain_dag.py                               1           0  0.39s           2026-06-19T00:51:27                      12
================================================================================
[2026-06-19T00:52:25.732+0000] {manager.py:997} INFO - 
================================================================================
DAG File Processing Stats

File Path                             PID    Runtime      # DAGs    # Errors  Last Runtime    Last Run               Last # of DB Queries
------------------------------------  -----  ---------  --------  ----------  --------------  -------------------  ----------------------
/opt/airflow/dags/predictions_dag.py                           1           0  0.48s           2026-06-19T00:52:25                      12
/opt/airflow/dags/retrain_dag.py                               1           0  0.11s           2026-06-19T00:51:57                      12
================================================================================
[2026-06-19T00:52:56.428+0000] {manager.py:997} INFO - 
================================================================================
DAG File Processing Stats

File Path                             PID    Runtime      # DAGs    # Errors  Last Runtime    Last Run               Last # of DB Queries
------------------------------------  -----  ---------  --------  ----------  --------------  -------------------  ----------------------
/opt/airflow/dags/predictions_dag.py                           1           0  0.55s           2026-06-19T00:52:56                      12
/opt/airflow/dags/retrain_dag.py                               1           0  0.23s           2026-06-19T00:52:28                      12
================================================================================
[2026-06-19T00:53:26.888+0000] {manager.py:997} INFO - 
================================================================================
DAG File Processing Stats

File Path                             PID    Runtime      # DAGs    # Errors  Last Runtime    Last Run               Last # of DB Queries
------------------------------------  -----  ---------  --------  ----------  --------------  -------------------  ----------------------
/opt/airflow/dags/predictions_dag.py                           1           0  0.32s           2026-06-19T00:53:26                      12
/opt/airflow/dags/retrain_dag.py                               1           0  0.12s           2026-06-19T00:52:58                      12
================================================================================
[2026-06-19T00:53:57.440+0000] {manager.py:997} INFO - 
================================================================================
DAG File Processing Stats

File Path                             PID    Runtime      # DAGs    # Errors  Last Runtime    Last Run               Last # of DB Queries
------------------------------------  -----  ---------  --------  ----------  --------------  -------------------  ----------------------
/opt/airflow/dags/predictions_dag.py                           1           0  0.44s           2026-06-19T00:53:57                      12
/opt/airflow/dags/retrain_dag.py                               1           0  0.11s           2026-06-19T00:53:29                      12
================================================================================
[2026-06-19T00:54:27.888+0000] {manager.py:997} INFO - 
================================================================================
DAG File Processing Stats

File Path                             PID    Runtime      # DAGs    # Errors  Last Runtime    Last Run               Last # of DB Queries
------------------------------------  -----  ---------  --------  ----------  --------------  -------------------  ----------------------
/opt/airflow/dags/predictions_dag.py                           1           0  0.33s           2026-06-19T00:54:27                      12
/opt/airflow/dags/retrain_dag.py                               1           0  0.11s           2026-06-19T00:53:59                      12
================================================================================
[2026-06-19T00:54:58.643+0000] {manager.py:997} INFO - 
================================================================================
DAG File Processing Stats

File Path                             PID    Runtime      # DAGs    # Errors  Last Runtime    Last Run               Last # of DB Queries
------------------------------------  -----  ---------  --------  ----------  --------------  -------------------  ----------------------
/opt/airflow/dags/predictions_dag.py                           1           0  0.65s           2026-06-19T00:54:58                      12
/opt/airflow/dags/retrain_dag.py                               1           0  0.23s           2026-06-19T00:54:30                      12
================================================================================
[2026-06-19T00:55:29.207+0000] {manager.py:997} INFO - 
================================================================================
DAG File Processing Stats

File Path                             PID    Runtime      # DAGs    # Errors  Last Runtime    Last Run               Last # of DB Queries
------------------------------------  -----  ---------  --------  ----------  --------------  -------------------  ----------------------
/opt/airflow/dags/predictions_dag.py                           1           0  0.44s           2026-06-19T00:55:29                      12
/opt/airflow/dags/retrain_dag.py                               1           0  0.24s           2026-06-19T00:55:01                      12
================================================================================
[2026-06-19T00:55:59.853+0000] {manager.py:997} INFO - 
================================================================================
DAG File Processing Stats

File Path                             PID    Runtime      # DAGs    # Errors  Last Runtime    Last Run               Last # of DB Queries
------------------------------------  -----  ---------  --------  ----------  --------------  -------------------  ----------------------
/opt/airflow/dags/predictions_dag.py                           1           0  0.52s           2026-06-19T00:55:59                      12
/opt/airflow/dags/retrain_dag.py                               1           0  0.21s           2026-06-19T00:55:31                      12
================================================================================
[2026-06-19T00:56:30.390+0000] {manager.py:997} INFO - 
================================================================================
DAG File Processing Stats

File Path                             PID    Runtime      # DAGs    # Errors  Last Runtime    Last Run               Last # of DB Queries
------------------------------------  -----  ---------  --------  ----------  --------------  -------------------  ----------------------
/opt/airflow/dags/predictions_dag.py                           1           0  0.44s           2026-06-19T00:56:30                      12
/opt/airflow/dags/retrain_dag.py                               1           0  0.11s           2026-06-19T00:56:02                      12
================================================================================
[2026-06-19T00:56:42.110+0000] {manager.py:821} INFO - Searching for files in /opt/airflow/dags
[2026-06-19T00:56:42.126+0000] {manager.py:824} INFO - There are 2 files in /opt/airflow/dags
[2026-06-19T00:57:00.934+0000] {manager.py:997} INFO - 
================================================================================
DAG File Processing Stats

File Path                             PID    Runtime      # DAGs    # Errors  Last Runtime    Last Run               Last # of DB Queries
------------------------------------  -----  ---------  --------  ----------  --------------  -------------------  ----------------------
/opt/airflow/dags/predictions_dag.py                           1           0  0.44s           2026-06-19T00:57:00                      12
/opt/airflow/dags/retrain_dag.py                               1           0  0.11s           2026-06-19T00:56:32                      12
================================================================================
[2026-06-19T00:57:31.538+0000] {manager.py:997} INFO - 
================================================================================
DAG File Processing Stats

File Path                             PID    Runtime      # DAGs    # Errors  Last Runtime    Last Run               Last # of DB Queries
------------------------------------  -----  ---------  --------  ----------  --------------  -------------------  ----------------------
/opt/airflow/dags/predictions_dag.py                           1           0  0.44s           2026-06-19T00:57:31                      12
/opt/airflow/dags/retrain_dag.py                               1           0  0.11s           2026-06-19T00:57:03                      12
================================================================================
[2026-06-19T00:58:02.081+0000] {manager.py:997} INFO - 
================================================================================
DAG File Processing Stats

File Path                             PID    Runtime      # DAGs    # Errors  Last Runtime    Last Run               Last # of DB Queries
------------------------------------  -----  ---------  --------  ----------  --------------  -------------------  ----------------------
/opt/airflow/dags/predictions_dag.py                           1           0  0.44s           2026-06-19T00:58:02                      12
/opt/airflow/dags/retrain_dag.py                               1           0  0.24s           2026-06-19T00:57:33                      12
================================================================================
[2026-06-19T00:58:32.532+0000] {manager.py:997} INFO - 
================================================================================
DAG File Processing Stats

File Path                             PID    Runtime      # DAGs    # Errors  Last Runtime    Last Run               Last # of DB Queries
------------------------------------  -----  ---------  --------  ----------  --------------  -------------------  ----------------------
/opt/airflow/dags/predictions_dag.py                           1           0  0.34s           2026-06-19T00:58:32                      12
/opt/airflow/dags/retrain_dag.py                               1           0  0.11s           2026-06-19T00:58:04                      12
================================================================================
[2026-06-19T00:59:03.046+0000] {manager.py:997} INFO - 
================================================================================
DAG File Processing Stats

File Path                             PID    Runtime      # DAGs    # Errors  Last Runtime    Last Run               Last # of DB Queries
------------------------------------  -----  ---------  --------  ----------  --------------  -------------------  ----------------------
/opt/airflow/dags/predictions_dag.py                           1           0  0.43s           2026-06-19T00:59:03                      12
/opt/airflow/dags/retrain_dag.py                               1           0  0.10s           2026-06-19T00:58:34                      12
================================================================================
[2026-06-19T00:59:33.573+0000] {manager.py:997} INFO - 
================================================================================
DAG File Processing Stats

File Path                             PID    Runtime      # DAGs    # Errors  Last Runtime    Last Run               Last # of DB Queries
------------------------------------  -----  ---------  --------  ----------  --------------  -------------------  ----------------------
/opt/airflow/dags/predictions_dag.py                           1           0  0.43s           2026-06-19T00:59:33                      12
/opt/airflow/dags/retrain_dag.py                               1           0  0.23s           2026-06-19T00:59:05                      12
================================================================================
[2026-06-19T01:00:04.009+0000] {manager.py:997} INFO - 
================================================================================
DAG File Processing Stats

File Path                             PID    Runtime      # DAGs    # Errors  Last Runtime    Last Run               Last # of DB Queries
------------------------------------  -----  ---------  --------  ----------  --------------  -------------------  ----------------------
/opt/airflow/dags/predictions_dag.py                           1           0  0.33s           2026-06-19T01:00:04                      12
/opt/airflow/dags/retrain_dag.py                               1           0  0.11s           2026-06-19T00:59:35                      12
================================================================================
[2026-06-19T01:00:34.430+0000] {manager.py:997} INFO - 
================================================================================
DAG File Processing Stats

File Path                             PID    Runtime      # DAGs    # Errors  Last Runtime    Last Run               Last # of DB Queries
------------------------------------  -----  ---------  --------  ----------  --------------  -------------------  ----------------------
/opt/airflow/dags/predictions_dag.py                           1           0  0.33s           2026-06-19T01:00:34                      12
/opt/airflow/dags/retrain_dag.py                               1           0  0.11s           2026-06-19T01:00:06                      12
================================================================================
[2026-06-19T01:01:04.944+0000] {manager.py:997} INFO - 
================================================================================
DAG File Processing Stats

File Path                             PID    Runtime      # DAGs    # Errors  Last Runtime    Last Run               Last # of DB Queries
------------------------------------  -----  ---------  --------  ----------  --------------  -------------------  ----------------------
/opt/airflow/dags/predictions_dag.py                           1           0  0.43s           2026-06-19T01:01:04                      12
/opt/airflow/dags/retrain_dag.py                               1           0  0.11s           2026-06-19T01:00:36                      12
================================================================================
[2026-06-19T01:01:35.473+0000] {manager.py:997} INFO - 
================================================================================
DAG File Processing Stats

File Path                             PID    Runtime      # DAGs    # Errors  Last Runtime    Last Run               Last # of DB Queries
------------------------------------  -----  ---------  --------  ----------  --------------  -------------------  ----------------------
/opt/airflow/dags/predictions_dag.py                           1           0  0.44s           2026-06-19T01:01:35                      12
/opt/airflow/dags/retrain_dag.py                               1           0  0.12s           2026-06-19T01:01:07                      12
================================================================================
[2026-06-19T01:01:42.184+0000] {manager.py:821} INFO - Searching for files in /opt/airflow/dags
[2026-06-19T01:01:42.198+0000] {manager.py:824} INFO - There are 2 files in /opt/airflow/dags
[2026-06-19T01:02:05.898+0000] {manager.py:997} INFO - 
================================================================================
DAG File Processing Stats

File Path                             PID    Runtime      # DAGs    # Errors  Last Runtime    Last Run               Last # of DB Queries
------------------------------------  -----  ---------  --------  ----------  --------------  -------------------  ----------------------
/opt/airflow/dags/predictions_dag.py                           1           0  0.32s           2026-06-19T01:02:05                      12
/opt/airflow/dags/retrain_dag.py                               1           0  0.11s           2026-06-19T01:01:37                      12
================================================================================
[2026-06-19T01:02:36.450+0000] {manager.py:997} INFO - 
================================================================================
DAG File Processing Stats

File Path                             PID    Runtime      # DAGs    # Errors  Last Runtime    Last Run               Last # of DB Queries
------------------------------------  -----  ---------  --------  ----------  --------------  -------------------  ----------------------
/opt/airflow/dags/predictions_dag.py                           1           0  0.44s           2026-06-19T01:02:36                      12
/opt/airflow/dags/retrain_dag.py                               1           0  0.14s           2026-06-19T01:02:08                      12
================================================================================
[2026-06-19T01:03:06.894+0000] {manager.py:997} INFO - 
================================================================================
DAG File Processing Stats

File Path                             PID    Runtime      # DAGs    # Errors  Last Runtime    Last Run               Last # of DB Queries
------------------------------------  -----  ---------  --------  ----------  --------------  -------------------  ----------------------
/opt/airflow/dags/predictions_dag.py                           1           0  0.33s           2026-06-19T01:03:06                      12
/opt/airflow/dags/retrain_dag.py                               1           0  0.11s           2026-06-19T01:02:38                      12
================================================================================
[2026-06-19T01:03:37.339+0000] {manager.py:997} INFO - 
================================================================================
DAG File Processing Stats

File Path                             PID    Runtime      # DAGs    # Errors  Last Runtime    Last Run               Last # of DB Queries
------------------------------------  -----  ---------  --------  ----------  --------------  -------------------  ----------------------
/opt/airflow/dags/predictions_dag.py                           1           0  0.34s           2026-06-19T01:03:37                      12
/opt/airflow/dags/retrain_dag.py                               1           0  0.11s           2026-06-19T01:03:09                      12
================================================================================
[2026-06-19T01:04:07.763+0000] {manager.py:997} INFO - 
================================================================================
DAG File Processing Stats

File Path                             PID    Runtime      # DAGs    # Errors  Last Runtime    Last Run               Last # of DB Queries
------------------------------------  -----  ---------  --------  ----------  --------------  -------------------  ----------------------
/opt/airflow/dags/predictions_dag.py                           1           0  0.33s           2026-06-19T01:04:07                      12
/opt/airflow/dags/retrain_dag.py                               1           0  0.10s           2026-06-19T01:03:39                      12
================================================================================
[2026-06-19T01:04:38.301+0000] {manager.py:997} INFO - 
================================================================================
DAG File Processing Stats

File Path                             PID    Runtime      # DAGs    # Errors  Last Runtime    Last Run               Last # of DB Queries
------------------------------------  -----  ---------  --------  ----------  --------------  -------------------  ----------------------
/opt/airflow/dags/predictions_dag.py                           1           0  0.44s           2026-06-19T01:04:38                      12
/opt/airflow/dags/retrain_dag.py                               1           0  0.10s           2026-06-19T01:04:09                      12
================================================================================
[2026-06-19T01:05:08.735+0000] {manager.py:997} INFO - 
================================================================================
DAG File Processing Stats

File Path                             PID    Runtime      # DAGs    # Errors  Last Runtime    Last Run               Last # of DB Queries
------------------------------------  -----  ---------  --------  ----------  --------------  -------------------  ----------------------
/opt/airflow/dags/predictions_dag.py                           1           0  0.33s           2026-06-19T01:05:08                      12
/opt/airflow/dags/retrain_dag.py                               1           0  0.32s           2026-06-19T01:04:40                      12
================================================================================
[2026-06-19T01:05:39.246+0000] {manager.py:997} INFO - 
================================================================================
DAG File Processing Stats

File Path                             PID    Runtime      # DAGs    # Errors  Last Runtime    Last Run               Last # of DB Queries
------------------------------------  -----  ---------  --------  ----------  --------------  -------------------  ----------------------
/opt/airflow/dags/predictions_dag.py                           1           0  0.42s           2026-06-19T01:05:39                      12
/opt/airflow/dags/retrain_dag.py                               1           0  0.11s           2026-06-19T01:05:10                      12
================================================================================
