[2026-06-19T00:16:41.691+0000] {processor.py:186} INFO - Started process (PID=30) to work on /opt/airflow/dags/predictions_dag.py
[2026-06-19T00:16:41.692+0000] {processor.py:914} INFO - Processing file /opt/airflow/dags/predictions_dag.py for tasks to queue
[2026-06-19T00:16:41.695+0000] {logging_mixin.py:190} INFO - [2026-06-19T00:16:41.695+0000] {dagbag.py:587} INFO - Filling up the DagBag from /opt/airflow/dags/predictions_dag.py
[2026-06-19T00:16:42.143+0000] {processor.py:925} INFO - DAG(s) 'daily_predictions' retrieved from /opt/airflow/dags/predictions_dag.py
[2026-06-19T00:16:42.163+0000] {logging_mixin.py:190} INFO - [2026-06-19T00:16:42.162+0000] {dag.py:3211} INFO - Sync 1 DAGs
[2026-06-19T00:16:42.177+0000] {logging_mixin.py:190} INFO - [2026-06-19T00:16:42.177+0000] {dag.py:4138} INFO - Setting next_dagrun for daily_predictions to 2026-06-01 10:00:00+00:00, run_after=2026-07-01 10:00:00+00:00
[2026-06-19T00:16:42.188+0000] {processor.py:208} INFO - Processing /opt/airflow/dags/predictions_dag.py took 0.501 seconds
[2026-06-19T00:17:12.914+0000] {processor.py:186} INFO - Started process (PID=52) to work on /opt/airflow/dags/predictions_dag.py
[2026-06-19T00:17:12.917+0000] {processor.py:914} INFO - Processing file /opt/airflow/dags/predictions_dag.py for tasks to queue
[2026-06-19T00:17:12.929+0000] {logging_mixin.py:190} INFO - [2026-06-19T00:17:12.928+0000] {dagbag.py:587} INFO - Filling up the DagBag from /opt/airflow/dags/predictions_dag.py
[2026-06-19T00:17:13.293+0000] {processor.py:925} INFO - DAG(s) 'daily_predictions' retrieved from /opt/airflow/dags/predictions_dag.py
[2026-06-19T00:17:13.313+0000] {logging_mixin.py:190} INFO - [2026-06-19T00:17:13.312+0000] {dag.py:3211} INFO - Sync 1 DAGs
[2026-06-19T00:17:13.331+0000] {logging_mixin.py:190} INFO - [2026-06-19T00:17:13.331+0000] {dag.py:4138} INFO - Setting next_dagrun for daily_predictions to 2026-06-01 10:00:00+00:00, run_after=2026-07-01 10:00:00+00:00
[2026-06-19T00:17:13.349+0000] {processor.py:208} INFO - Processing /opt/airflow/dags/predictions_dag.py took 0.448 seconds
[2026-06-19T00:17:44.256+0000] {processor.py:186} INFO - Started process (PID=55) to work on /opt/airflow/dags/predictions_dag.py
[2026-06-19T00:17:44.258+0000] {processor.py:914} INFO - Processing file /opt/airflow/dags/predictions_dag.py for tasks to queue
[2026-06-19T00:17:44.262+0000] {logging_mixin.py:190} INFO - [2026-06-19T00:17:44.261+0000] {dagbag.py:587} INFO - Filling up the DagBag from /opt/airflow/dags/predictions_dag.py
[2026-06-19T00:17:44.504+0000] {processor.py:925} INFO - DAG(s) 'daily_predictions' retrieved from /opt/airflow/dags/predictions_dag.py
[2026-06-19T00:17:44.522+0000] {logging_mixin.py:190} INFO - [2026-06-19T00:17:44.522+0000] {dag.py:3211} INFO - Sync 1 DAGs
[2026-06-19T00:17:44.559+0000] {logging_mixin.py:190} INFO - [2026-06-19T00:17:44.559+0000] {dag.py:4138} INFO - Setting next_dagrun for daily_predictions to 2026-06-01 10:00:00+00:00, run_after=2026-07-01 10:00:00+00:00
[2026-06-19T00:17:44.578+0000] {processor.py:208} INFO - Processing /opt/airflow/dags/predictions_dag.py took 0.341 seconds
[2026-06-19T00:18:14.808+0000] {processor.py:186} INFO - Started process (PID=58) to work on /opt/airflow/dags/predictions_dag.py
[2026-06-19T00:18:14.810+0000] {processor.py:914} INFO - Processing file /opt/airflow/dags/predictions_dag.py for tasks to queue
[2026-06-19T00:18:14.818+0000] {logging_mixin.py:190} INFO - [2026-06-19T00:18:14.817+0000] {dagbag.py:587} INFO - Filling up the DagBag from /opt/airflow/dags/predictions_dag.py
[2026-06-19T00:18:15.094+0000] {processor.py:925} INFO - DAG(s) 'daily_predictions' retrieved from /opt/airflow/dags/predictions_dag.py
[2026-06-19T00:18:15.110+0000] {logging_mixin.py:190} INFO - [2026-06-19T00:18:15.110+0000] {dag.py:3211} INFO - Sync 1 DAGs
[2026-06-19T00:18:15.121+0000] {logging_mixin.py:190} INFO - [2026-06-19T00:18:15.121+0000] {dag.py:4138} INFO - Setting next_dagrun for daily_predictions to 2026-06-01 10:00:00+00:00, run_after=2026-07-01 10:00:00+00:00
[2026-06-19T00:18:15.132+0000] {processor.py:208} INFO - Processing /opt/airflow/dags/predictions_dag.py took 0.349 seconds
[2026-06-19T00:18:45.250+0000] {processor.py:186} INFO - Started process (PID=61) to work on /opt/airflow/dags/predictions_dag.py
[2026-06-19T00:18:45.251+0000] {processor.py:914} INFO - Processing file /opt/airflow/dags/predictions_dag.py for tasks to queue
[2026-06-19T00:18:45.255+0000] {logging_mixin.py:190} INFO - [2026-06-19T00:18:45.254+0000] {dagbag.py:587} INFO - Filling up the DagBag from /opt/airflow/dags/predictions_dag.py
[2026-06-19T00:18:45.556+0000] {processor.py:925} INFO - DAG(s) 'daily_predictions' retrieved from /opt/airflow/dags/predictions_dag.py
[2026-06-19T00:18:45.576+0000] {logging_mixin.py:190} INFO - [2026-06-19T00:18:45.576+0000] {dag.py:3211} INFO - Sync 1 DAGs
[2026-06-19T00:18:45.590+0000] {logging_mixin.py:190} INFO - [2026-06-19T00:18:45.589+0000] {dag.py:4138} INFO - Setting next_dagrun for daily_predictions to 2026-06-01 10:00:00+00:00, run_after=2026-07-01 10:00:00+00:00
[2026-06-19T00:18:45.605+0000] {processor.py:208} INFO - Processing /opt/airflow/dags/predictions_dag.py took 0.364 seconds
[2026-06-19T00:19:16.682+0000] {processor.py:186} INFO - Started process (PID=64) to work on /opt/airflow/dags/predictions_dag.py
[2026-06-19T00:19:16.686+0000] {processor.py:914} INFO - Processing file /opt/airflow/dags/predictions_dag.py for tasks to queue
[2026-06-19T00:19:16.690+0000] {logging_mixin.py:190} INFO - [2026-06-19T00:19:16.689+0000] {dagbag.py:587} INFO - Filling up the DagBag from /opt/airflow/dags/predictions_dag.py
[2026-06-19T00:19:17.020+0000] {processor.py:925} INFO - DAG(s) 'daily_predictions' retrieved from /opt/airflow/dags/predictions_dag.py
[2026-06-19T00:19:17.040+0000] {logging_mixin.py:190} INFO - [2026-06-19T00:19:17.040+0000] {dag.py:3211} INFO - Sync 1 DAGs
[2026-06-19T00:19:17.055+0000] {logging_mixin.py:190} INFO - [2026-06-19T00:19:17.054+0000] {dag.py:4138} INFO - Setting next_dagrun for daily_predictions to 2026-06-01 10:00:00+00:00, run_after=2026-07-01 10:00:00+00:00
[2026-06-19T00:19:17.079+0000] {processor.py:208} INFO - Processing /opt/airflow/dags/predictions_dag.py took 0.408 seconds
[2026-06-19T00:19:47.917+0000] {processor.py:186} INFO - Started process (PID=67) to work on /opt/airflow/dags/predictions_dag.py
[2026-06-19T00:19:47.919+0000] {processor.py:914} INFO - Processing file /opt/airflow/dags/predictions_dag.py for tasks to queue
[2026-06-19T00:19:47.927+0000] {logging_mixin.py:190} INFO - [2026-06-19T00:19:47.923+0000] {dagbag.py:587} INFO - Filling up the DagBag from /opt/airflow/dags/predictions_dag.py
[2026-06-19T00:19:48.731+0000] {processor.py:925} INFO - DAG(s) 'daily_predictions' retrieved from /opt/airflow/dags/predictions_dag.py
[2026-06-19T00:19:48.830+0000] {logging_mixin.py:190} INFO - [2026-06-19T00:19:48.829+0000] {dag.py:3211} INFO - Sync 1 DAGs
[2026-06-19T00:19:48.881+0000] {logging_mixin.py:190} INFO - [2026-06-19T00:19:48.881+0000] {dag.py:4138} INFO - Setting next_dagrun for daily_predictions to 2026-06-01 10:00:00+00:00, run_after=2026-07-01 10:00:00+00:00
[2026-06-19T00:19:48.944+0000] {processor.py:208} INFO - Processing /opt/airflow/dags/predictions_dag.py took 1.047 seconds
[2026-06-19T00:20:19.660+0000] {processor.py:186} INFO - Started process (PID=70) to work on /opt/airflow/dags/predictions_dag.py
[2026-06-19T00:20:19.666+0000] {processor.py:914} INFO - Processing file /opt/airflow/dags/predictions_dag.py for tasks to queue
[2026-06-19T00:20:19.687+0000] {logging_mixin.py:190} INFO - [2026-06-19T00:20:19.674+0000] {dagbag.py:587} INFO - Filling up the DagBag from /opt/airflow/dags/predictions_dag.py
[2026-06-19T00:20:20.970+0000] {processor.py:925} INFO - DAG(s) 'daily_predictions' retrieved from /opt/airflow/dags/predictions_dag.py
[2026-06-19T00:20:21.017+0000] {logging_mixin.py:190} INFO - [2026-06-19T00:20:21.017+0000] {dag.py:3211} INFO - Sync 1 DAGs
[2026-06-19T00:20:21.038+0000] {logging_mixin.py:190} INFO - [2026-06-19T00:20:21.038+0000] {dag.py:4138} INFO - Setting next_dagrun for daily_predictions to 2026-06-01 10:00:00+00:00, run_after=2026-07-01 10:00:00+00:00
[2026-06-19T00:20:21.084+0000] {processor.py:208} INFO - Processing /opt/airflow/dags/predictions_dag.py took 1.503 seconds
[2026-06-19T00:20:51.624+0000] {processor.py:186} INFO - Started process (PID=73) to work on /opt/airflow/dags/predictions_dag.py
[2026-06-19T00:20:51.626+0000] {processor.py:914} INFO - Processing file /opt/airflow/dags/predictions_dag.py for tasks to queue
[2026-06-19T00:20:51.635+0000] {logging_mixin.py:190} INFO - [2026-06-19T00:20:51.634+0000] {dagbag.py:587} INFO - Filling up the DagBag from /opt/airflow/dags/predictions_dag.py
[2026-06-19T00:20:51.930+0000] {processor.py:925} INFO - DAG(s) 'daily_predictions' retrieved from /opt/airflow/dags/predictions_dag.py
[2026-06-19T00:20:51.946+0000] {logging_mixin.py:190} INFO - [2026-06-19T00:20:51.946+0000] {dag.py:3211} INFO - Sync 1 DAGs
[2026-06-19T00:20:51.958+0000] {logging_mixin.py:190} INFO - [2026-06-19T00:20:51.958+0000] {dag.py:4138} INFO - Setting next_dagrun for daily_predictions to 2026-06-01 10:00:00+00:00, run_after=2026-07-01 10:00:00+00:00
[2026-06-19T00:20:51.974+0000] {processor.py:208} INFO - Processing /opt/airflow/dags/predictions_dag.py took 0.364 seconds
[2026-06-19T00:21:22.389+0000] {processor.py:186} INFO - Started process (PID=76) to work on /opt/airflow/dags/predictions_dag.py
[2026-06-19T00:21:22.393+0000] {processor.py:914} INFO - Processing file /opt/airflow/dags/predictions_dag.py for tasks to queue
[2026-06-19T00:21:22.399+0000] {logging_mixin.py:190} INFO - [2026-06-19T00:21:22.397+0000] {dagbag.py:587} INFO - Filling up the DagBag from /opt/airflow/dags/predictions_dag.py
[2026-06-19T00:21:22.748+0000] {processor.py:925} INFO - DAG(s) 'daily_predictions' retrieved from /opt/airflow/dags/predictions_dag.py
[2026-06-19T00:21:22.786+0000] {logging_mixin.py:190} INFO - [2026-06-19T00:21:22.785+0000] {dag.py:3211} INFO - Sync 1 DAGs
[2026-06-19T00:21:22.809+0000] {logging_mixin.py:190} INFO - [2026-06-19T00:21:22.808+0000] {dag.py:4138} INFO - Setting next_dagrun for daily_predictions to 2026-06-01 10:00:00+00:00, run_after=2026-07-01 10:00:00+00:00
[2026-06-19T00:21:22.901+0000] {processor.py:208} INFO - Processing /opt/airflow/dags/predictions_dag.py took 0.520 seconds
[2026-06-19T00:21:53.219+0000] {processor.py:186} INFO - Started process (PID=79) to work on /opt/airflow/dags/predictions_dag.py
[2026-06-19T00:21:53.223+0000] {processor.py:914} INFO - Processing file /opt/airflow/dags/predictions_dag.py for tasks to queue
[2026-06-19T00:21:53.228+0000] {logging_mixin.py:190} INFO - [2026-06-19T00:21:53.227+0000] {dagbag.py:587} INFO - Filling up the DagBag from /opt/airflow/dags/predictions_dag.py
[2026-06-19T00:21:53.441+0000] {processor.py:925} INFO - DAG(s) 'daily_predictions' retrieved from /opt/airflow/dags/predictions_dag.py
[2026-06-19T00:21:53.454+0000] {logging_mixin.py:190} INFO - [2026-06-19T00:21:53.454+0000] {dag.py:3211} INFO - Sync 1 DAGs
[2026-06-19T00:21:53.468+0000] {logging_mixin.py:190} INFO - [2026-06-19T00:21:53.468+0000] {dag.py:4138} INFO - Setting next_dagrun for daily_predictions to 2026-06-01 10:00:00+00:00, run_after=2026-07-01 10:00:00+00:00
[2026-06-19T00:21:53.480+0000] {processor.py:208} INFO - Processing /opt/airflow/dags/predictions_dag.py took 0.278 seconds
[2026-06-19T00:22:23.677+0000] {processor.py:186} INFO - Started process (PID=82) to work on /opt/airflow/dags/predictions_dag.py
[2026-06-19T00:22:23.680+0000] {processor.py:914} INFO - Processing file /opt/airflow/dags/predictions_dag.py for tasks to queue
[2026-06-19T00:22:23.687+0000] {logging_mixin.py:190} INFO - [2026-06-19T00:22:23.686+0000] {dagbag.py:587} INFO - Filling up the DagBag from /opt/airflow/dags/predictions_dag.py
[2026-06-19T00:22:24.060+0000] {processor.py:925} INFO - DAG(s) 'daily_predictions' retrieved from /opt/airflow/dags/predictions_dag.py
[2026-06-19T00:22:24.078+0000] {logging_mixin.py:190} INFO - [2026-06-19T00:22:24.077+0000] {dag.py:3211} INFO - Sync 1 DAGs
[2026-06-19T00:22:24.091+0000] {logging_mixin.py:190} INFO - [2026-06-19T00:22:24.091+0000] {dag.py:4138} INFO - Setting next_dagrun for daily_predictions to 2026-06-01 10:00:00+00:00, run_after=2026-07-01 10:00:00+00:00
[2026-06-19T00:22:24.106+0000] {processor.py:208} INFO - Processing /opt/airflow/dags/predictions_dag.py took 0.449 seconds
[2026-06-19T00:22:54.415+0000] {processor.py:186} INFO - Started process (PID=85) to work on /opt/airflow/dags/predictions_dag.py
[2026-06-19T00:22:54.418+0000] {processor.py:914} INFO - Processing file /opt/airflow/dags/predictions_dag.py for tasks to queue
[2026-06-19T00:22:54.426+0000] {logging_mixin.py:190} INFO - [2026-06-19T00:22:54.425+0000] {dagbag.py:587} INFO - Filling up the DagBag from /opt/airflow/dags/predictions_dag.py
[2026-06-19T00:22:54.696+0000] {processor.py:925} INFO - DAG(s) 'daily_predictions' retrieved from /opt/airflow/dags/predictions_dag.py
[2026-06-19T00:22:54.714+0000] {logging_mixin.py:190} INFO - [2026-06-19T00:22:54.714+0000] {dag.py:3211} INFO - Sync 1 DAGs
[2026-06-19T00:22:54.732+0000] {logging_mixin.py:190} INFO - [2026-06-19T00:22:54.731+0000] {dag.py:4138} INFO - Setting next_dagrun for daily_predictions to 2026-06-01 10:00:00+00:00, run_after=2026-07-01 10:00:00+00:00
[2026-06-19T00:22:54.744+0000] {processor.py:208} INFO - Processing /opt/airflow/dags/predictions_dag.py took 0.351 seconds
[2026-06-19T00:23:24.988+0000] {processor.py:186} INFO - Started process (PID=88) to work on /opt/airflow/dags/predictions_dag.py
[2026-06-19T00:23:24.991+0000] {processor.py:914} INFO - Processing file /opt/airflow/dags/predictions_dag.py for tasks to queue
[2026-06-19T00:23:24.997+0000] {logging_mixin.py:190} INFO - [2026-06-19T00:23:24.996+0000] {dagbag.py:587} INFO - Filling up the DagBag from /opt/airflow/dags/predictions_dag.py
[2026-06-19T00:23:25.210+0000] {processor.py:925} INFO - DAG(s) 'daily_predictions' retrieved from /opt/airflow/dags/predictions_dag.py
[2026-06-19T00:23:25.223+0000] {logging_mixin.py:190} INFO - [2026-06-19T00:23:25.223+0000] {dag.py:3211} INFO - Sync 1 DAGs
[2026-06-19T00:23:25.236+0000] {logging_mixin.py:190} INFO - [2026-06-19T00:23:25.236+0000] {dag.py:4138} INFO - Setting next_dagrun for daily_predictions to 2026-06-01 10:00:00+00:00, run_after=2026-07-01 10:00:00+00:00
[2026-06-19T00:23:25.248+0000] {processor.py:208} INFO - Processing /opt/airflow/dags/predictions_dag.py took 0.272 seconds
[2026-06-19T00:23:55.476+0000] {processor.py:186} INFO - Started process (PID=91) to work on /opt/airflow/dags/predictions_dag.py
[2026-06-19T00:23:55.478+0000] {processor.py:914} INFO - Processing file /opt/airflow/dags/predictions_dag.py for tasks to queue
[2026-06-19T00:23:55.484+0000] {logging_mixin.py:190} INFO - [2026-06-19T00:23:55.483+0000] {dagbag.py:587} INFO - Filling up the DagBag from /opt/airflow/dags/predictions_dag.py
[2026-06-19T00:23:55.691+0000] {processor.py:925} INFO - DAG(s) 'daily_predictions' retrieved from /opt/airflow/dags/predictions_dag.py
[2026-06-19T00:23:55.706+0000] {logging_mixin.py:190} INFO - [2026-06-19T00:23:55.705+0000] {dag.py:3211} INFO - Sync 1 DAGs
[2026-06-19T00:23:55.717+0000] {logging_mixin.py:190} INFO - [2026-06-19T00:23:55.717+0000] {dag.py:4138} INFO - Setting next_dagrun for daily_predictions to 2026-06-01 10:00:00+00:00, run_after=2026-07-01 10:00:00+00:00
[2026-06-19T00:23:55.728+0000] {processor.py:208} INFO - Processing /opt/airflow/dags/predictions_dag.py took 0.267 seconds
[2026-06-19T00:24:25.936+0000] {processor.py:186} INFO - Started process (PID=94) to work on /opt/airflow/dags/predictions_dag.py
[2026-06-19T00:24:25.939+0000] {processor.py:914} INFO - Processing file /opt/airflow/dags/predictions_dag.py for tasks to queue
[2026-06-19T00:24:25.946+0000] {logging_mixin.py:190} INFO - [2026-06-19T00:24:25.945+0000] {dagbag.py:587} INFO - Filling up the DagBag from /opt/airflow/dags/predictions_dag.py
[2026-06-19T00:24:26.194+0000] {processor.py:925} INFO - DAG(s) 'daily_predictions' retrieved from /opt/airflow/dags/predictions_dag.py
[2026-06-19T00:24:26.207+0000] {logging_mixin.py:190} INFO - [2026-06-19T00:24:26.206+0000] {dag.py:3211} INFO - Sync 1 DAGs
[2026-06-19T00:24:26.217+0000] {logging_mixin.py:190} INFO - [2026-06-19T00:24:26.217+0000] {dag.py:4138} INFO - Setting next_dagrun for daily_predictions to 2026-06-01 10:00:00+00:00, run_after=2026-07-01 10:00:00+00:00
[2026-06-19T00:24:26.228+0000] {processor.py:208} INFO - Processing /opt/airflow/dags/predictions_dag.py took 0.309 seconds
[2026-06-19T00:24:56.586+0000] {processor.py:186} INFO - Started process (PID=97) to work on /opt/airflow/dags/predictions_dag.py
[2026-06-19T00:24:56.591+0000] {processor.py:914} INFO - Processing file /opt/airflow/dags/predictions_dag.py for tasks to queue
[2026-06-19T00:24:56.599+0000] {logging_mixin.py:190} INFO - [2026-06-19T00:24:56.596+0000] {dagbag.py:587} INFO - Filling up the DagBag from /opt/airflow/dags/predictions_dag.py
[2026-06-19T00:24:56.819+0000] {processor.py:925} INFO - DAG(s) 'daily_predictions' retrieved from /opt/airflow/dags/predictions_dag.py
[2026-06-19T00:24:56.830+0000] {logging_mixin.py:190} INFO - [2026-06-19T00:24:56.829+0000] {dag.py:3211} INFO - Sync 1 DAGs
[2026-06-19T00:24:56.840+0000] {logging_mixin.py:190} INFO - [2026-06-19T00:24:56.840+0000] {dag.py:4138} INFO - Setting next_dagrun for daily_predictions to 2026-06-01 10:00:00+00:00, run_after=2026-07-01 10:00:00+00:00
[2026-06-19T00:24:56.851+0000] {processor.py:208} INFO - Processing /opt/airflow/dags/predictions_dag.py took 0.281 seconds
[2026-06-19T00:25:27.062+0000] {processor.py:186} INFO - Started process (PID=100) to work on /opt/airflow/dags/predictions_dag.py
[2026-06-19T00:25:27.064+0000] {processor.py:914} INFO - Processing file /opt/airflow/dags/predictions_dag.py for tasks to queue
[2026-06-19T00:25:27.071+0000] {logging_mixin.py:190} INFO - [2026-06-19T00:25:27.070+0000] {dagbag.py:587} INFO - Filling up the DagBag from /opt/airflow/dags/predictions_dag.py
[2026-06-19T00:25:27.274+0000] {processor.py:925} INFO - DAG(s) 'daily_predictions' retrieved from /opt/airflow/dags/predictions_dag.py
[2026-06-19T00:25:27.287+0000] {logging_mixin.py:190} INFO - [2026-06-19T00:25:27.287+0000] {dag.py:3211} INFO - Sync 1 DAGs
[2026-06-19T00:25:27.304+0000] {logging_mixin.py:190} INFO - [2026-06-19T00:25:27.304+0000] {dag.py:4138} INFO - Setting next_dagrun for daily_predictions to 2026-06-01 10:00:00+00:00, run_after=2026-07-01 10:00:00+00:00
[2026-06-19T00:25:27.317+0000] {processor.py:208} INFO - Processing /opt/airflow/dags/predictions_dag.py took 0.268 seconds
[2026-06-19T00:25:57.525+0000] {processor.py:186} INFO - Started process (PID=103) to work on /opt/airflow/dags/predictions_dag.py
[2026-06-19T00:25:57.528+0000] {processor.py:914} INFO - Processing file /opt/airflow/dags/predictions_dag.py for tasks to queue
[2026-06-19T00:25:57.534+0000] {logging_mixin.py:190} INFO - [2026-06-19T00:25:57.533+0000] {dagbag.py:587} INFO - Filling up the DagBag from /opt/airflow/dags/predictions_dag.py
[2026-06-19T00:25:57.758+0000] {processor.py:925} INFO - DAG(s) 'daily_predictions' retrieved from /opt/airflow/dags/predictions_dag.py
[2026-06-19T00:25:57.771+0000] {logging_mixin.py:190} INFO - [2026-06-19T00:25:57.771+0000] {dag.py:3211} INFO - Sync 1 DAGs
[2026-06-19T00:25:57.783+0000] {logging_mixin.py:190} INFO - [2026-06-19T00:25:57.783+0000] {dag.py:4138} INFO - Setting next_dagrun for daily_predictions to 2026-06-01 10:00:00+00:00, run_after=2026-07-01 10:00:00+00:00
[2026-06-19T00:25:57.795+0000] {processor.py:208} INFO - Processing /opt/airflow/dags/predictions_dag.py took 0.281 seconds
[2026-06-19T00:26:28.012+0000] {processor.py:186} INFO - Started process (PID=106) to work on /opt/airflow/dags/predictions_dag.py
[2026-06-19T00:26:28.014+0000] {processor.py:914} INFO - Processing file /opt/airflow/dags/predictions_dag.py for tasks to queue
[2026-06-19T00:26:28.020+0000] {logging_mixin.py:190} INFO - [2026-06-19T00:26:28.019+0000] {dagbag.py:587} INFO - Filling up the DagBag from /opt/airflow/dags/predictions_dag.py
[2026-06-19T00:26:28.267+0000] {processor.py:925} INFO - DAG(s) 'daily_predictions' retrieved from /opt/airflow/dags/predictions_dag.py
[2026-06-19T00:26:28.282+0000] {logging_mixin.py:190} INFO - [2026-06-19T00:26:28.282+0000] {dag.py:3211} INFO - Sync 1 DAGs
[2026-06-19T00:26:28.292+0000] {logging_mixin.py:190} INFO - [2026-06-19T00:26:28.292+0000] {dag.py:4138} INFO - Setting next_dagrun for daily_predictions to 2026-06-01 10:00:00+00:00, run_after=2026-07-01 10:00:00+00:00
[2026-06-19T00:26:28.304+0000] {processor.py:208} INFO - Processing /opt/airflow/dags/predictions_dag.py took 0.309 seconds
[2026-06-19T00:26:58.596+0000] {processor.py:186} INFO - Started process (PID=109) to work on /opt/airflow/dags/predictions_dag.py
[2026-06-19T00:26:58.598+0000] {processor.py:914} INFO - Processing file /opt/airflow/dags/predictions_dag.py for tasks to queue
[2026-06-19T00:26:58.604+0000] {logging_mixin.py:190} INFO - [2026-06-19T00:26:58.604+0000] {dagbag.py:587} INFO - Filling up the DagBag from /opt/airflow/dags/predictions_dag.py
[2026-06-19T00:26:58.847+0000] {processor.py:925} INFO - DAG(s) 'daily_predictions' retrieved from /opt/airflow/dags/predictions_dag.py
[2026-06-19T00:26:58.864+0000] {logging_mixin.py:190} INFO - [2026-06-19T00:26:58.864+0000] {dag.py:3211} INFO - Sync 1 DAGs
[2026-06-19T00:26:58.875+0000] {logging_mixin.py:190} INFO - [2026-06-19T00:26:58.875+0000] {dag.py:4138} INFO - Setting next_dagrun for daily_predictions to 2026-06-01 10:00:00+00:00, run_after=2026-07-01 10:00:00+00:00
[2026-06-19T00:26:58.888+0000] {processor.py:208} INFO - Processing /opt/airflow/dags/predictions_dag.py took 0.310 seconds
[2026-06-19T00:27:29.128+0000] {processor.py:186} INFO - Started process (PID=112) to work on /opt/airflow/dags/predictions_dag.py
[2026-06-19T00:27:29.131+0000] {processor.py:914} INFO - Processing file /opt/airflow/dags/predictions_dag.py for tasks to queue
[2026-06-19T00:27:29.136+0000] {logging_mixin.py:190} INFO - [2026-06-19T00:27:29.136+0000] {dagbag.py:587} INFO - Filling up the DagBag from /opt/airflow/dags/predictions_dag.py
[2026-06-19T00:27:29.359+0000] {processor.py:925} INFO - DAG(s) 'daily_predictions' retrieved from /opt/airflow/dags/predictions_dag.py
[2026-06-19T00:27:29.371+0000] {logging_mixin.py:190} INFO - [2026-06-19T00:27:29.371+0000] {dag.py:3211} INFO - Sync 1 DAGs
[2026-06-19T00:27:29.382+0000] {logging_mixin.py:190} INFO - [2026-06-19T00:27:29.382+0000] {dag.py:4138} INFO - Setting next_dagrun for daily_predictions to 2026-06-01 10:00:00+00:00, run_after=2026-07-01 10:00:00+00:00
[2026-06-19T00:27:29.395+0000] {processor.py:208} INFO - Processing /opt/airflow/dags/predictions_dag.py took 0.282 seconds
[2026-06-19T00:27:59.576+0000] {processor.py:186} INFO - Started process (PID=115) to work on /opt/airflow/dags/predictions_dag.py
[2026-06-19T00:27:59.578+0000] {processor.py:914} INFO - Processing file /opt/airflow/dags/predictions_dag.py for tasks to queue
[2026-06-19T00:27:59.585+0000] {logging_mixin.py:190} INFO - [2026-06-19T00:27:59.584+0000] {dagbag.py:587} INFO - Filling up the DagBag from /opt/airflow/dags/predictions_dag.py
[2026-06-19T00:27:59.797+0000] {processor.py:925} INFO - DAG(s) 'daily_predictions' retrieved from /opt/airflow/dags/predictions_dag.py
[2026-06-19T00:27:59.808+0000] {logging_mixin.py:190} INFO - [2026-06-19T00:27:59.808+0000] {dag.py:3211} INFO - Sync 1 DAGs
[2026-06-19T00:27:59.819+0000] {logging_mixin.py:190} INFO - [2026-06-19T00:27:59.819+0000] {dag.py:4138} INFO - Setting next_dagrun for daily_predictions to 2026-06-01 10:00:00+00:00, run_after=2026-07-01 10:00:00+00:00
[2026-06-19T00:27:59.829+0000] {processor.py:208} INFO - Processing /opt/airflow/dags/predictions_dag.py took 0.275 seconds
[2026-06-19T00:28:29.997+0000] {processor.py:186} INFO - Started process (PID=118) to work on /opt/airflow/dags/predictions_dag.py
[2026-06-19T00:28:30.003+0000] {processor.py:914} INFO - Processing file /opt/airflow/dags/predictions_dag.py for tasks to queue
[2026-06-19T00:28:30.011+0000] {logging_mixin.py:190} INFO - [2026-06-19T00:28:30.008+0000] {dagbag.py:587} INFO - Filling up the DagBag from /opt/airflow/dags/predictions_dag.py
[2026-06-19T00:28:30.481+0000] {processor.py:925} INFO - DAG(s) 'daily_predictions' retrieved from /opt/airflow/dags/predictions_dag.py
[2026-06-19T00:28:30.514+0000] {logging_mixin.py:190} INFO - [2026-06-19T00:28:30.513+0000] {dag.py:3211} INFO - Sync 1 DAGs
[2026-06-19T00:28:30.538+0000] {logging_mixin.py:190} INFO - [2026-06-19T00:28:30.538+0000] {dag.py:4138} INFO - Setting next_dagrun for daily_predictions to 2026-06-01 10:00:00+00:00, run_after=2026-07-01 10:00:00+00:00
[2026-06-19T00:28:30.559+0000] {processor.py:208} INFO - Processing /opt/airflow/dags/predictions_dag.py took 0.580 seconds
[2026-06-19T00:29:00.759+0000] {processor.py:186} INFO - Started process (PID=121) to work on /opt/airflow/dags/predictions_dag.py
[2026-06-19T00:29:00.763+0000] {processor.py:914} INFO - Processing file /opt/airflow/dags/predictions_dag.py for tasks to queue
[2026-06-19T00:29:00.769+0000] {logging_mixin.py:190} INFO - [2026-06-19T00:29:00.768+0000] {dagbag.py:587} INFO - Filling up the DagBag from /opt/airflow/dags/predictions_dag.py
[2026-06-19T00:29:01.027+0000] {processor.py:925} INFO - DAG(s) 'daily_predictions' retrieved from /opt/airflow/dags/predictions_dag.py
[2026-06-19T00:29:01.041+0000] {logging_mixin.py:190} INFO - [2026-06-19T00:29:01.041+0000] {dag.py:3211} INFO - Sync 1 DAGs
[2026-06-19T00:29:01.052+0000] {logging_mixin.py:190} INFO - [2026-06-19T00:29:01.052+0000] {dag.py:4138} INFO - Setting next_dagrun for daily_predictions to 2026-06-01 10:00:00+00:00, run_after=2026-07-01 10:00:00+00:00
[2026-06-19T00:29:01.064+0000] {processor.py:208} INFO - Processing /opt/airflow/dags/predictions_dag.py took 0.328 seconds
[2026-06-19T00:29:31.250+0000] {processor.py:186} INFO - Started process (PID=124) to work on /opt/airflow/dags/predictions_dag.py
[2026-06-19T00:29:31.252+0000] {processor.py:914} INFO - Processing file /opt/airflow/dags/predictions_dag.py for tasks to queue
[2026-06-19T00:29:31.259+0000] {logging_mixin.py:190} INFO - [2026-06-19T00:29:31.258+0000] {dagbag.py:587} INFO - Filling up the DagBag from /opt/airflow/dags/predictions_dag.py
[2026-06-19T00:29:31.516+0000] {processor.py:925} INFO - DAG(s) 'daily_predictions' retrieved from /opt/airflow/dags/predictions_dag.py
[2026-06-19T00:29:31.528+0000] {logging_mixin.py:190} INFO - [2026-06-19T00:29:31.528+0000] {dag.py:3211} INFO - Sync 1 DAGs
[2026-06-19T00:29:31.543+0000] {logging_mixin.py:190} INFO - [2026-06-19T00:29:31.543+0000] {dag.py:4138} INFO - Setting next_dagrun for daily_predictions to 2026-06-01 10:00:00+00:00, run_after=2026-07-01 10:00:00+00:00
[2026-06-19T00:29:31.553+0000] {processor.py:208} INFO - Processing /opt/airflow/dags/predictions_dag.py took 0.314 seconds
[2026-06-19T00:30:01.796+0000] {processor.py:186} INFO - Started process (PID=127) to work on /opt/airflow/dags/predictions_dag.py
[2026-06-19T00:30:01.800+0000] {processor.py:914} INFO - Processing file /opt/airflow/dags/predictions_dag.py for tasks to queue
[2026-06-19T00:30:01.805+0000] {logging_mixin.py:190} INFO - [2026-06-19T00:30:01.803+0000] {dagbag.py:587} INFO - Filling up the DagBag from /opt/airflow/dags/predictions_dag.py
[2026-06-19T00:30:02.063+0000] {processor.py:925} INFO - DAG(s) 'daily_predictions' retrieved from /opt/airflow/dags/predictions_dag.py
[2026-06-19T00:30:02.077+0000] {logging_mixin.py:190} INFO - [2026-06-19T00:30:02.077+0000] {dag.py:3211} INFO - Sync 1 DAGs
[2026-06-19T00:30:02.093+0000] {logging_mixin.py:190} INFO - [2026-06-19T00:30:02.093+0000] {dag.py:4138} INFO - Setting next_dagrun for daily_predictions to 2026-06-01 10:00:00+00:00, run_after=2026-07-01 10:00:00+00:00
[2026-06-19T00:30:02.107+0000] {processor.py:208} INFO - Processing /opt/airflow/dags/predictions_dag.py took 0.328 seconds
[2026-06-19T00:30:32.329+0000] {processor.py:186} INFO - Started process (PID=130) to work on /opt/airflow/dags/predictions_dag.py
[2026-06-19T00:30:32.331+0000] {processor.py:914} INFO - Processing file /opt/airflow/dags/predictions_dag.py for tasks to queue
[2026-06-19T00:30:32.341+0000] {logging_mixin.py:190} INFO - [2026-06-19T00:30:32.339+0000] {dagbag.py:587} INFO - Filling up the DagBag from /opt/airflow/dags/predictions_dag.py
[2026-06-19T00:30:32.601+0000] {processor.py:925} INFO - DAG(s) 'daily_predictions' retrieved from /opt/airflow/dags/predictions_dag.py
[2026-06-19T00:30:32.622+0000] {logging_mixin.py:190} INFO - [2026-06-19T00:30:32.621+0000] {dag.py:3211} INFO - Sync 1 DAGs
[2026-06-19T00:30:32.638+0000] {logging_mixin.py:190} INFO - [2026-06-19T00:30:32.638+0000] {dag.py:4138} INFO - Setting next_dagrun for daily_predictions to 2026-06-01 10:00:00+00:00, run_after=2026-07-01 10:00:00+00:00
[2026-06-19T00:30:32.653+0000] {processor.py:208} INFO - Processing /opt/airflow/dags/predictions_dag.py took 0.344 seconds
[2026-06-19T00:31:02.844+0000] {processor.py:186} INFO - Started process (PID=133) to work on /opt/airflow/dags/predictions_dag.py
[2026-06-19T00:31:02.848+0000] {processor.py:914} INFO - Processing file /opt/airflow/dags/predictions_dag.py for tasks to queue
[2026-06-19T00:31:02.861+0000] {logging_mixin.py:190} INFO - [2026-06-19T00:31:02.861+0000] {dagbag.py:587} INFO - Filling up the DagBag from /opt/airflow/dags/predictions_dag.py
[2026-06-19T00:31:03.114+0000] {processor.py:925} INFO - DAG(s) 'daily_predictions' retrieved from /opt/airflow/dags/predictions_dag.py
[2026-06-19T00:31:03.133+0000] {logging_mixin.py:190} INFO - [2026-06-19T00:31:03.133+0000] {dag.py:3211} INFO - Sync 1 DAGs
[2026-06-19T00:31:03.152+0000] {logging_mixin.py:190} INFO - [2026-06-19T00:31:03.152+0000] {dag.py:4138} INFO - Setting next_dagrun for daily_predictions to 2026-06-01 10:00:00+00:00, run_after=2026-07-01 10:00:00+00:00
[2026-06-19T00:31:03.166+0000] {processor.py:208} INFO - Processing /opt/airflow/dags/predictions_dag.py took 0.333 seconds
[2026-06-19T00:31:33.385+0000] {processor.py:186} INFO - Started process (PID=136) to work on /opt/airflow/dags/predictions_dag.py
[2026-06-19T00:31:33.387+0000] {processor.py:914} INFO - Processing file /opt/airflow/dags/predictions_dag.py for tasks to queue
[2026-06-19T00:31:33.392+0000] {logging_mixin.py:190} INFO - [2026-06-19T00:31:33.391+0000] {dagbag.py:587} INFO - Filling up the DagBag from /opt/airflow/dags/predictions_dag.py
[2026-06-19T00:31:33.615+0000] {processor.py:925} INFO - DAG(s) 'daily_predictions' retrieved from /opt/airflow/dags/predictions_dag.py
[2026-06-19T00:31:33.630+0000] {logging_mixin.py:190} INFO - [2026-06-19T00:31:33.630+0000] {dag.py:3211} INFO - Sync 1 DAGs
[2026-06-19T00:31:33.642+0000] {logging_mixin.py:190} INFO - [2026-06-19T00:31:33.641+0000] {dag.py:4138} INFO - Setting next_dagrun for daily_predictions to 2026-06-01 10:00:00+00:00, run_after=2026-07-01 10:00:00+00:00
[2026-06-19T00:31:33.651+0000] {processor.py:208} INFO - Processing /opt/airflow/dags/predictions_dag.py took 0.282 seconds
[2026-06-19T00:32:03.803+0000] {processor.py:186} INFO - Started process (PID=139) to work on /opt/airflow/dags/predictions_dag.py
[2026-06-19T00:32:03.805+0000] {processor.py:914} INFO - Processing file /opt/airflow/dags/predictions_dag.py for tasks to queue
[2026-06-19T00:32:03.811+0000] {logging_mixin.py:190} INFO - [2026-06-19T00:32:03.811+0000] {dagbag.py:587} INFO - Filling up the DagBag from /opt/airflow/dags/predictions_dag.py
[2026-06-19T00:32:04.044+0000] {processor.py:925} INFO - DAG(s) 'daily_predictions' retrieved from /opt/airflow/dags/predictions_dag.py
[2026-06-19T00:32:04.055+0000] {logging_mixin.py:190} INFO - [2026-06-19T00:32:04.055+0000] {dag.py:3211} INFO - Sync 1 DAGs
[2026-06-19T00:32:04.066+0000] {logging_mixin.py:190} INFO - [2026-06-19T00:32:04.066+0000] {dag.py:4138} INFO - Setting next_dagrun for daily_predictions to 2026-06-01 10:00:00+00:00, run_after=2026-07-01 10:00:00+00:00
[2026-06-19T00:32:04.076+0000] {processor.py:208} INFO - Processing /opt/airflow/dags/predictions_dag.py took 0.289 seconds
[2026-06-19T00:32:34.197+0000] {processor.py:186} INFO - Started process (PID=142) to work on /opt/airflow/dags/predictions_dag.py
[2026-06-19T00:32:34.199+0000] {processor.py:914} INFO - Processing file /opt/airflow/dags/predictions_dag.py for tasks to queue
[2026-06-19T00:32:34.204+0000] {logging_mixin.py:190} INFO - [2026-06-19T00:32:34.203+0000] {dagbag.py:587} INFO - Filling up the DagBag from /opt/airflow/dags/predictions_dag.py
[2026-06-19T00:32:34.395+0000] {processor.py:925} INFO - DAG(s) 'daily_predictions' retrieved from /opt/airflow/dags/predictions_dag.py
[2026-06-19T00:32:34.406+0000] {logging_mixin.py:190} INFO - [2026-06-19T00:32:34.406+0000] {dag.py:3211} INFO - Sync 1 DAGs
[2026-06-19T00:32:34.417+0000] {logging_mixin.py:190} INFO - [2026-06-19T00:32:34.416+0000] {dag.py:4138} INFO - Setting next_dagrun for daily_predictions to 2026-06-01 10:00:00+00:00, run_after=2026-07-01 10:00:00+00:00
[2026-06-19T00:32:34.426+0000] {processor.py:208} INFO - Processing /opt/airflow/dags/predictions_dag.py took 0.243 seconds
[2026-06-19T00:33:04.619+0000] {processor.py:186} INFO - Started process (PID=145) to work on /opt/airflow/dags/predictions_dag.py
[2026-06-19T00:33:04.622+0000] {processor.py:914} INFO - Processing file /opt/airflow/dags/predictions_dag.py for tasks to queue
[2026-06-19T00:33:04.630+0000] {logging_mixin.py:190} INFO - [2026-06-19T00:33:04.629+0000] {dagbag.py:587} INFO - Filling up the DagBag from /opt/airflow/dags/predictions_dag.py
[2026-06-19T00:33:04.851+0000] {processor.py:925} INFO - DAG(s) 'daily_predictions' retrieved from /opt/airflow/dags/predictions_dag.py
[2026-06-19T00:33:04.862+0000] {logging_mixin.py:190} INFO - [2026-06-19T00:33:04.861+0000] {dag.py:3211} INFO - Sync 1 DAGs
[2026-06-19T00:33:04.873+0000] {logging_mixin.py:190} INFO - [2026-06-19T00:33:04.873+0000] {dag.py:4138} INFO - Setting next_dagrun for daily_predictions to 2026-06-01 10:00:00+00:00, run_after=2026-07-01 10:00:00+00:00
[2026-06-19T00:33:04.883+0000] {processor.py:208} INFO - Processing /opt/airflow/dags/predictions_dag.py took 0.276 seconds
[2026-06-19T00:33:35.035+0000] {processor.py:186} INFO - Started process (PID=148) to work on /opt/airflow/dags/predictions_dag.py
[2026-06-19T00:33:35.037+0000] {processor.py:914} INFO - Processing file /opt/airflow/dags/predictions_dag.py for tasks to queue
[2026-06-19T00:33:35.044+0000] {logging_mixin.py:190} INFO - [2026-06-19T00:33:35.043+0000] {dagbag.py:587} INFO - Filling up the DagBag from /opt/airflow/dags/predictions_dag.py
[2026-06-19T00:33:35.289+0000] {processor.py:925} INFO - DAG(s) 'daily_predictions' retrieved from /opt/airflow/dags/predictions_dag.py
[2026-06-19T00:33:35.306+0000] {logging_mixin.py:190} INFO - [2026-06-19T00:33:35.305+0000] {dag.py:3211} INFO - Sync 1 DAGs
[2026-06-19T00:33:35.316+0000] {logging_mixin.py:190} INFO - [2026-06-19T00:33:35.316+0000] {dag.py:4138} INFO - Setting next_dagrun for daily_predictions to 2026-06-01 10:00:00+00:00, run_after=2026-07-01 10:00:00+00:00
[2026-06-19T00:33:35.325+0000] {processor.py:208} INFO - Processing /opt/airflow/dags/predictions_dag.py took 0.310 seconds
[2026-06-19T00:34:05.564+0000] {processor.py:186} INFO - Started process (PID=151) to work on /opt/airflow/dags/predictions_dag.py
[2026-06-19T00:34:05.566+0000] {processor.py:914} INFO - Processing file /opt/airflow/dags/predictions_dag.py for tasks to queue
[2026-06-19T00:34:05.575+0000] {logging_mixin.py:190} INFO - [2026-06-19T00:34:05.574+0000] {dagbag.py:587} INFO - Filling up the DagBag from /opt/airflow/dags/predictions_dag.py
[2026-06-19T00:34:05.823+0000] {processor.py:925} INFO - DAG(s) 'daily_predictions' retrieved from /opt/airflow/dags/predictions_dag.py
[2026-06-19T00:34:05.835+0000] {logging_mixin.py:190} INFO - [2026-06-19T00:34:05.835+0000] {dag.py:3211} INFO - Sync 1 DAGs
[2026-06-19T00:34:05.846+0000] {logging_mixin.py:190} INFO - [2026-06-19T00:34:05.846+0000] {dag.py:4138} INFO - Setting next_dagrun for daily_predictions to 2026-06-01 10:00:00+00:00, run_after=2026-07-01 10:00:00+00:00
[2026-06-19T00:34:05.857+0000] {processor.py:208} INFO - Processing /opt/airflow/dags/predictions_dag.py took 0.310 seconds
[2026-06-19T00:34:36.069+0000] {processor.py:186} INFO - Started process (PID=154) to work on /opt/airflow/dags/predictions_dag.py
[2026-06-19T00:34:36.070+0000] {processor.py:914} INFO - Processing file /opt/airflow/dags/predictions_dag.py for tasks to queue
[2026-06-19T00:34:36.077+0000] {logging_mixin.py:190} INFO - [2026-06-19T00:34:36.077+0000] {dagbag.py:587} INFO - Filling up the DagBag from /opt/airflow/dags/predictions_dag.py
[2026-06-19T00:34:36.335+0000] {processor.py:925} INFO - DAG(s) 'daily_predictions' retrieved from /opt/airflow/dags/predictions_dag.py
[2026-06-19T00:34:36.349+0000] {logging_mixin.py:190} INFO - [2026-06-19T00:34:36.349+0000] {dag.py:3211} INFO - Sync 1 DAGs
[2026-06-19T00:34:36.365+0000] {logging_mixin.py:190} INFO - [2026-06-19T00:34:36.364+0000] {dag.py:4138} INFO - Setting next_dagrun for daily_predictions to 2026-06-01 10:00:00+00:00, run_after=2026-07-01 10:00:00+00:00
[2026-06-19T00:34:36.376+0000] {processor.py:208} INFO - Processing /opt/airflow/dags/predictions_dag.py took 0.315 seconds
[2026-06-19T00:35:06.605+0000] {processor.py:186} INFO - Started process (PID=157) to work on /opt/airflow/dags/predictions_dag.py
[2026-06-19T00:35:06.607+0000] {processor.py:914} INFO - Processing file /opt/airflow/dags/predictions_dag.py for tasks to queue
[2026-06-19T00:35:06.612+0000] {logging_mixin.py:190} INFO - [2026-06-19T00:35:06.611+0000] {dagbag.py:587} INFO - Filling up the DagBag from /opt/airflow/dags/predictions_dag.py
[2026-06-19T00:35:06.934+0000] {processor.py:925} INFO - DAG(s) 'daily_predictions' retrieved from /opt/airflow/dags/predictions_dag.py
[2026-06-19T00:35:06.949+0000] {logging_mixin.py:190} INFO - [2026-06-19T00:35:06.949+0000] {dag.py:3211} INFO - Sync 1 DAGs
[2026-06-19T00:35:06.969+0000] {logging_mixin.py:190} INFO - [2026-06-19T00:35:06.969+0000] {dag.py:4138} INFO - Setting next_dagrun for daily_predictions to 2026-06-01 10:00:00+00:00, run_after=2026-07-01 10:00:00+00:00
[2026-06-19T00:35:06.983+0000] {processor.py:208} INFO - Processing /opt/airflow/dags/predictions_dag.py took 0.389 seconds
[2026-06-19T00:35:37.127+0000] {processor.py:186} INFO - Started process (PID=160) to work on /opt/airflow/dags/predictions_dag.py
[2026-06-19T00:35:37.129+0000] {processor.py:914} INFO - Processing file /opt/airflow/dags/predictions_dag.py for tasks to queue
[2026-06-19T00:35:37.133+0000] {logging_mixin.py:190} INFO - [2026-06-19T00:35:37.132+0000] {dagbag.py:587} INFO - Filling up the DagBag from /opt/airflow/dags/predictions_dag.py
[2026-06-19T00:35:37.429+0000] {processor.py:925} INFO - DAG(s) 'daily_predictions' retrieved from /opt/airflow/dags/predictions_dag.py
[2026-06-19T00:35:37.451+0000] {logging_mixin.py:190} INFO - [2026-06-19T00:35:37.451+0000] {dag.py:3211} INFO - Sync 1 DAGs
[2026-06-19T00:35:37.475+0000] {logging_mixin.py:190} INFO - [2026-06-19T00:35:37.475+0000] {dag.py:4138} INFO - Setting next_dagrun for daily_predictions to 2026-06-01 10:00:00+00:00, run_after=2026-07-01 10:00:00+00:00
[2026-06-19T00:35:37.550+0000] {processor.py:208} INFO - Processing /opt/airflow/dags/predictions_dag.py took 0.444 seconds
[2026-06-19T00:36:07.741+0000] {processor.py:186} INFO - Started process (PID=163) to work on /opt/airflow/dags/predictions_dag.py
[2026-06-19T00:36:07.743+0000] {processor.py:914} INFO - Processing file /opt/airflow/dags/predictions_dag.py for tasks to queue
[2026-06-19T00:36:07.747+0000] {logging_mixin.py:190} INFO - [2026-06-19T00:36:07.746+0000] {dagbag.py:587} INFO - Filling up the DagBag from /opt/airflow/dags/predictions_dag.py
[2026-06-19T00:36:08.278+0000] {processor.py:925} INFO - DAG(s) 'daily_predictions' retrieved from /opt/airflow/dags/predictions_dag.py
[2026-06-19T00:36:08.374+0000] {logging_mixin.py:190} INFO - [2026-06-19T00:36:08.370+0000] {dag.py:3211} INFO - Sync 1 DAGs
[2026-06-19T00:36:08.447+0000] {logging_mixin.py:190} INFO - [2026-06-19T00:36:08.446+0000] {dag.py:4138} INFO - Setting next_dagrun for daily_predictions to 2026-06-01 10:00:00+00:00, run_after=2026-07-01 10:00:00+00:00
[2026-06-19T00:36:08.504+0000] {processor.py:208} INFO - Processing /opt/airflow/dags/predictions_dag.py took 0.780 seconds
[2026-06-19T00:36:38.708+0000] {processor.py:186} INFO - Started process (PID=166) to work on /opt/airflow/dags/predictions_dag.py
[2026-06-19T00:36:38.711+0000] {processor.py:914} INFO - Processing file /opt/airflow/dags/predictions_dag.py for tasks to queue
[2026-06-19T00:36:38.716+0000] {logging_mixin.py:190} INFO - [2026-06-19T00:36:38.715+0000] {dagbag.py:587} INFO - Filling up the DagBag from /opt/airflow/dags/predictions_dag.py
[2026-06-19T00:36:39.121+0000] {processor.py:925} INFO - DAG(s) 'daily_predictions' retrieved from /opt/airflow/dags/predictions_dag.py
[2026-06-19T00:36:39.143+0000] {logging_mixin.py:190} INFO - [2026-06-19T00:36:39.143+0000] {dag.py:3211} INFO - Sync 1 DAGs
[2026-06-19T00:36:39.157+0000] {logging_mixin.py:190} INFO - [2026-06-19T00:36:39.157+0000] {dag.py:4138} INFO - Setting next_dagrun for daily_predictions to 2026-06-01 10:00:00+00:00, run_after=2026-07-01 10:00:00+00:00
[2026-06-19T00:36:39.168+0000] {processor.py:208} INFO - Processing /opt/airflow/dags/predictions_dag.py took 0.477 seconds
[2026-06-19T00:37:09.321+0000] {processor.py:186} INFO - Started process (PID=169) to work on /opt/airflow/dags/predictions_dag.py
[2026-06-19T00:37:09.323+0000] {processor.py:914} INFO - Processing file /opt/airflow/dags/predictions_dag.py for tasks to queue
[2026-06-19T00:37:09.332+0000] {logging_mixin.py:190} INFO - [2026-06-19T00:37:09.330+0000] {dagbag.py:587} INFO - Filling up the DagBag from /opt/airflow/dags/predictions_dag.py
[2026-06-19T00:37:09.579+0000] {processor.py:925} INFO - DAG(s) 'daily_predictions' retrieved from /opt/airflow/dags/predictions_dag.py
[2026-06-19T00:37:09.592+0000] {logging_mixin.py:190} INFO - [2026-06-19T00:37:09.592+0000] {dag.py:3211} INFO - Sync 1 DAGs
[2026-06-19T00:37:09.610+0000] {logging_mixin.py:190} INFO - [2026-06-19T00:37:09.610+0000] {dag.py:4138} INFO - Setting next_dagrun for daily_predictions to 2026-06-01 10:00:00+00:00, run_after=2026-07-01 10:00:00+00:00
[2026-06-19T00:37:09.621+0000] {processor.py:208} INFO - Processing /opt/airflow/dags/predictions_dag.py took 0.318 seconds
[2026-06-19T00:37:39.847+0000] {processor.py:186} INFO - Started process (PID=172) to work on /opt/airflow/dags/predictions_dag.py
[2026-06-19T00:37:39.849+0000] {processor.py:914} INFO - Processing file /opt/airflow/dags/predictions_dag.py for tasks to queue
[2026-06-19T00:37:39.855+0000] {logging_mixin.py:190} INFO - [2026-06-19T00:37:39.854+0000] {dagbag.py:587} INFO - Filling up the DagBag from /opt/airflow/dags/predictions_dag.py
[2026-06-19T00:37:40.128+0000] {processor.py:925} INFO - DAG(s) 'daily_predictions' retrieved from /opt/airflow/dags/predictions_dag.py
[2026-06-19T00:37:40.145+0000] {logging_mixin.py:190} INFO - [2026-06-19T00:37:40.145+0000] {dag.py:3211} INFO - Sync 1 DAGs
[2026-06-19T00:37:40.160+0000] {logging_mixin.py:190} INFO - [2026-06-19T00:37:40.160+0000] {dag.py:4138} INFO - Setting next_dagrun for daily_predictions to 2026-06-01 10:00:00+00:00, run_after=2026-07-01 10:00:00+00:00
[2026-06-19T00:37:40.171+0000] {processor.py:208} INFO - Processing /opt/airflow/dags/predictions_dag.py took 0.343 seconds
[2026-06-19T00:38:10.365+0000] {processor.py:186} INFO - Started process (PID=175) to work on /opt/airflow/dags/predictions_dag.py
[2026-06-19T00:38:10.367+0000] {processor.py:914} INFO - Processing file /opt/airflow/dags/predictions_dag.py for tasks to queue
[2026-06-19T00:38:10.373+0000] {logging_mixin.py:190} INFO - [2026-06-19T00:38:10.372+0000] {dagbag.py:587} INFO - Filling up the DagBag from /opt/airflow/dags/predictions_dag.py
[2026-06-19T00:38:10.696+0000] {processor.py:925} INFO - DAG(s) 'daily_predictions' retrieved from /opt/airflow/dags/predictions_dag.py
[2026-06-19T00:38:10.727+0000] {logging_mixin.py:190} INFO - [2026-06-19T00:38:10.727+0000] {dag.py:3211} INFO - Sync 1 DAGs
[2026-06-19T00:38:10.746+0000] {logging_mixin.py:190} INFO - [2026-06-19T00:38:10.746+0000] {dag.py:4138} INFO - Setting next_dagrun for daily_predictions to 2026-06-01 10:00:00+00:00, run_after=2026-07-01 10:00:00+00:00
[2026-06-19T00:38:10.761+0000] {processor.py:208} INFO - Processing /opt/airflow/dags/predictions_dag.py took 0.411 seconds
[2026-06-19T00:38:41.033+0000] {processor.py:186} INFO - Started process (PID=178) to work on /opt/airflow/dags/predictions_dag.py
[2026-06-19T00:38:41.040+0000] {processor.py:914} INFO - Processing file /opt/airflow/dags/predictions_dag.py for tasks to queue
[2026-06-19T00:38:41.046+0000] {logging_mixin.py:190} INFO - [2026-06-19T00:38:41.045+0000] {dagbag.py:587} INFO - Filling up the DagBag from /opt/airflow/dags/predictions_dag.py
[2026-06-19T00:38:41.276+0000] {processor.py:925} INFO - DAG(s) 'daily_predictions' retrieved from /opt/airflow/dags/predictions_dag.py
[2026-06-19T00:38:41.287+0000] {logging_mixin.py:190} INFO - [2026-06-19T00:38:41.287+0000] {dag.py:3211} INFO - Sync 1 DAGs
[2026-06-19T00:38:41.298+0000] {logging_mixin.py:190} INFO - [2026-06-19T00:38:41.297+0000] {dag.py:4138} INFO - Setting next_dagrun for daily_predictions to 2026-06-01 10:00:00+00:00, run_after=2026-07-01 10:00:00+00:00
[2026-06-19T00:38:41.317+0000] {processor.py:208} INFO - Processing /opt/airflow/dags/predictions_dag.py took 0.302 seconds
[2026-06-19T00:39:11.584+0000] {processor.py:186} INFO - Started process (PID=181) to work on /opt/airflow/dags/predictions_dag.py
[2026-06-19T00:39:11.587+0000] {processor.py:914} INFO - Processing file /opt/airflow/dags/predictions_dag.py for tasks to queue
[2026-06-19T00:39:11.592+0000] {logging_mixin.py:190} INFO - [2026-06-19T00:39:11.592+0000] {dagbag.py:587} INFO - Filling up the DagBag from /opt/airflow/dags/predictions_dag.py
[2026-06-19T00:39:12.017+0000] {processor.py:925} INFO - DAG(s) 'daily_predictions' retrieved from /opt/airflow/dags/predictions_dag.py
[2026-06-19T00:39:12.029+0000] {logging_mixin.py:190} INFO - [2026-06-19T00:39:12.029+0000] {dag.py:3211} INFO - Sync 1 DAGs
[2026-06-19T00:39:12.041+0000] {logging_mixin.py:190} INFO - [2026-06-19T00:39:12.041+0000] {dag.py:4138} INFO - Setting next_dagrun for daily_predictions to 2026-06-01 10:00:00+00:00, run_after=2026-07-01 10:00:00+00:00
[2026-06-19T00:39:12.055+0000] {processor.py:208} INFO - Processing /opt/airflow/dags/predictions_dag.py took 0.487 seconds
[2026-06-19T00:39:42.218+0000] {processor.py:186} INFO - Started process (PID=184) to work on /opt/airflow/dags/predictions_dag.py
[2026-06-19T00:39:42.224+0000] {processor.py:914} INFO - Processing file /opt/airflow/dags/predictions_dag.py for tasks to queue
[2026-06-19T00:39:42.230+0000] {logging_mixin.py:190} INFO - [2026-06-19T00:39:42.229+0000] {dagbag.py:587} INFO - Filling up the DagBag from /opt/airflow/dags/predictions_dag.py
[2026-06-19T00:39:42.609+0000] {processor.py:925} INFO - DAG(s) 'daily_predictions' retrieved from /opt/airflow/dags/predictions_dag.py
[2026-06-19T00:39:42.624+0000] {logging_mixin.py:190} INFO - [2026-06-19T00:39:42.624+0000] {dag.py:3211} INFO - Sync 1 DAGs
[2026-06-19T00:39:42.637+0000] {logging_mixin.py:190} INFO - [2026-06-19T00:39:42.636+0000] {dag.py:4138} INFO - Setting next_dagrun for daily_predictions to 2026-06-01 10:00:00+00:00, run_after=2026-07-01 10:00:00+00:00
[2026-06-19T00:39:42.647+0000] {processor.py:208} INFO - Processing /opt/airflow/dags/predictions_dag.py took 0.447 seconds
[2026-06-19T00:40:12.869+0000] {processor.py:186} INFO - Started process (PID=187) to work on /opt/airflow/dags/predictions_dag.py
[2026-06-19T00:40:12.871+0000] {processor.py:914} INFO - Processing file /opt/airflow/dags/predictions_dag.py for tasks to queue
[2026-06-19T00:40:12.877+0000] {logging_mixin.py:190} INFO - [2026-06-19T00:40:12.876+0000] {dagbag.py:587} INFO - Filling up the DagBag from /opt/airflow/dags/predictions_dag.py
[2026-06-19T00:40:13.089+0000] {processor.py:925} INFO - DAG(s) 'daily_predictions' retrieved from /opt/airflow/dags/predictions_dag.py
[2026-06-19T00:40:13.101+0000] {logging_mixin.py:190} INFO - [2026-06-19T00:40:13.100+0000] {dag.py:3211} INFO - Sync 1 DAGs
[2026-06-19T00:40:13.112+0000] {logging_mixin.py:190} INFO - [2026-06-19T00:40:13.112+0000] {dag.py:4138} INFO - Setting next_dagrun for daily_predictions to 2026-06-01 10:00:00+00:00, run_after=2026-07-01 10:00:00+00:00
[2026-06-19T00:40:13.122+0000] {processor.py:208} INFO - Processing /opt/airflow/dags/predictions_dag.py took 0.265 seconds
[2026-06-19T00:40:43.288+0000] {processor.py:186} INFO - Started process (PID=190) to work on /opt/airflow/dags/predictions_dag.py
[2026-06-19T00:40:43.290+0000] {processor.py:914} INFO - Processing file /opt/airflow/dags/predictions_dag.py for tasks to queue
[2026-06-19T00:40:43.297+0000] {logging_mixin.py:190} INFO - [2026-06-19T00:40:43.297+0000] {dagbag.py:587} INFO - Filling up the DagBag from /opt/airflow/dags/predictions_dag.py
[2026-06-19T00:40:43.513+0000] {processor.py:925} INFO - DAG(s) 'daily_predictions' retrieved from /opt/airflow/dags/predictions_dag.py
[2026-06-19T00:40:43.524+0000] {logging_mixin.py:190} INFO - [2026-06-19T00:40:43.524+0000] {dag.py:3211} INFO - Sync 1 DAGs
[2026-06-19T00:40:43.536+0000] {logging_mixin.py:190} INFO - [2026-06-19T00:40:43.536+0000] {dag.py:4138} INFO - Setting next_dagrun for daily_predictions to 2026-06-01 10:00:00+00:00, run_after=2026-07-01 10:00:00+00:00
[2026-06-19T00:40:43.545+0000] {processor.py:208} INFO - Processing /opt/airflow/dags/predictions_dag.py took 0.270 seconds
[2026-06-19T00:41:13.696+0000] {processor.py:186} INFO - Started process (PID=193) to work on /opt/airflow/dags/predictions_dag.py
[2026-06-19T00:41:13.699+0000] {processor.py:914} INFO - Processing file /opt/airflow/dags/predictions_dag.py for tasks to queue
[2026-06-19T00:41:13.705+0000] {logging_mixin.py:190} INFO - [2026-06-19T00:41:13.704+0000] {dagbag.py:587} INFO - Filling up the DagBag from /opt/airflow/dags/predictions_dag.py
[2026-06-19T00:41:13.939+0000] {processor.py:925} INFO - DAG(s) 'daily_predictions' retrieved from /opt/airflow/dags/predictions_dag.py
[2026-06-19T00:41:13.951+0000] {logging_mixin.py:190} INFO - [2026-06-19T00:41:13.951+0000] {dag.py:3211} INFO - Sync 1 DAGs
[2026-06-19T00:41:13.963+0000] {logging_mixin.py:190} INFO - [2026-06-19T00:41:13.963+0000] {dag.py:4138} INFO - Setting next_dagrun for daily_predictions to 2026-06-01 10:00:00+00:00, run_after=2026-07-01 10:00:00+00:00
[2026-06-19T00:41:13.973+0000] {processor.py:208} INFO - Processing /opt/airflow/dags/predictions_dag.py took 0.289 seconds
[2026-06-19T00:41:44.122+0000] {processor.py:186} INFO - Started process (PID=196) to work on /opt/airflow/dags/predictions_dag.py
[2026-06-19T00:41:44.124+0000] {processor.py:914} INFO - Processing file /opt/airflow/dags/predictions_dag.py for tasks to queue
[2026-06-19T00:41:44.130+0000] {logging_mixin.py:190} INFO - [2026-06-19T00:41:44.129+0000] {dagbag.py:587} INFO - Filling up the DagBag from /opt/airflow/dags/predictions_dag.py
[2026-06-19T00:41:44.330+0000] {processor.py:925} INFO - DAG(s) 'daily_predictions' retrieved from /opt/airflow/dags/predictions_dag.py
[2026-06-19T00:41:44.341+0000] {logging_mixin.py:190} INFO - [2026-06-19T00:41:44.341+0000] {dag.py:3211} INFO - Sync 1 DAGs
[2026-06-19T00:41:44.352+0000] {logging_mixin.py:190} INFO - [2026-06-19T00:41:44.352+0000] {dag.py:4138} INFO - Setting next_dagrun for daily_predictions to 2026-06-01 10:00:00+00:00, run_after=2026-07-01 10:00:00+00:00
[2026-06-19T00:41:44.361+0000] {processor.py:208} INFO - Processing /opt/airflow/dags/predictions_dag.py took 0.261 seconds
[2026-06-19T00:42:14.539+0000] {processor.py:186} INFO - Started process (PID=199) to work on /opt/airflow/dags/predictions_dag.py
[2026-06-19T00:42:14.542+0000] {processor.py:914} INFO - Processing file /opt/airflow/dags/predictions_dag.py for tasks to queue
[2026-06-19T00:42:14.546+0000] {logging_mixin.py:190} INFO - [2026-06-19T00:42:14.545+0000] {dagbag.py:587} INFO - Filling up the DagBag from /opt/airflow/dags/predictions_dag.py
[2026-06-19T00:42:14.806+0000] {processor.py:925} INFO - DAG(s) 'daily_predictions' retrieved from /opt/airflow/dags/predictions_dag.py
[2026-06-19T00:42:14.818+0000] {logging_mixin.py:190} INFO - [2026-06-19T00:42:14.818+0000] {dag.py:3211} INFO - Sync 1 DAGs
[2026-06-19T00:42:14.833+0000] {logging_mixin.py:190} INFO - [2026-06-19T00:42:14.833+0000] {dag.py:4138} INFO - Setting next_dagrun for daily_predictions to 2026-06-01 10:00:00+00:00, run_after=2026-07-01 10:00:00+00:00
[2026-06-19T00:42:14.844+0000] {processor.py:208} INFO - Processing /opt/airflow/dags/predictions_dag.py took 0.325 seconds
[2026-06-19T00:42:45.027+0000] {processor.py:186} INFO - Started process (PID=202) to work on /opt/airflow/dags/predictions_dag.py
[2026-06-19T00:42:45.030+0000] {processor.py:914} INFO - Processing file /opt/airflow/dags/predictions_dag.py for tasks to queue
[2026-06-19T00:42:45.034+0000] {logging_mixin.py:190} INFO - [2026-06-19T00:42:45.034+0000] {dagbag.py:587} INFO - Filling up the DagBag from /opt/airflow/dags/predictions_dag.py
[2026-06-19T00:42:45.292+0000] {processor.py:925} INFO - DAG(s) 'daily_predictions' retrieved from /opt/airflow/dags/predictions_dag.py
[2026-06-19T00:42:45.308+0000] {logging_mixin.py:190} INFO - [2026-06-19T00:42:45.308+0000] {dag.py:3211} INFO - Sync 1 DAGs
[2026-06-19T00:42:45.320+0000] {logging_mixin.py:190} INFO - [2026-06-19T00:42:45.319+0000] {dag.py:4138} INFO - Setting next_dagrun for daily_predictions to 2026-06-01 10:00:00+00:00, run_after=2026-07-01 10:00:00+00:00
[2026-06-19T00:42:45.332+0000] {processor.py:208} INFO - Processing /opt/airflow/dags/predictions_dag.py took 0.328 seconds
[2026-06-19T00:43:15.541+0000] {processor.py:186} INFO - Started process (PID=205) to work on /opt/airflow/dags/predictions_dag.py
[2026-06-19T00:43:15.544+0000] {processor.py:914} INFO - Processing file /opt/airflow/dags/predictions_dag.py for tasks to queue
[2026-06-19T00:43:15.550+0000] {logging_mixin.py:190} INFO - [2026-06-19T00:43:15.549+0000] {dagbag.py:587} INFO - Filling up the DagBag from /opt/airflow/dags/predictions_dag.py
[2026-06-19T00:43:15.761+0000] {processor.py:925} INFO - DAG(s) 'daily_predictions' retrieved from /opt/airflow/dags/predictions_dag.py
[2026-06-19T00:43:15.775+0000] {logging_mixin.py:190} INFO - [2026-06-19T00:43:15.775+0000] {dag.py:3211} INFO - Sync 1 DAGs
[2026-06-19T00:43:15.787+0000] {logging_mixin.py:190} INFO - [2026-06-19T00:43:15.787+0000] {dag.py:4138} INFO - Setting next_dagrun for daily_predictions to 2026-06-01 10:00:00+00:00, run_after=2026-07-01 10:00:00+00:00
[2026-06-19T00:43:15.796+0000] {processor.py:208} INFO - Processing /opt/airflow/dags/predictions_dag.py took 0.268 seconds
[2026-06-19T00:43:45.977+0000] {processor.py:186} INFO - Started process (PID=208) to work on /opt/airflow/dags/predictions_dag.py
[2026-06-19T00:43:45.979+0000] {processor.py:914} INFO - Processing file /opt/airflow/dags/predictions_dag.py for tasks to queue
[2026-06-19T00:43:45.984+0000] {logging_mixin.py:190} INFO - [2026-06-19T00:43:45.983+0000] {dagbag.py:587} INFO - Filling up the DagBag from /opt/airflow/dags/predictions_dag.py
[2026-06-19T00:43:46.203+0000] {processor.py:925} INFO - DAG(s) 'daily_predictions' retrieved from /opt/airflow/dags/predictions_dag.py
[2026-06-19T00:43:46.217+0000] {logging_mixin.py:190} INFO - [2026-06-19T00:43:46.216+0000] {dag.py:3211} INFO - Sync 1 DAGs
[2026-06-19T00:43:46.228+0000] {logging_mixin.py:190} INFO - [2026-06-19T00:43:46.228+0000] {dag.py:4138} INFO - Setting next_dagrun for daily_predictions to 2026-06-01 10:00:00+00:00, run_after=2026-07-01 10:00:00+00:00
[2026-06-19T00:43:46.239+0000] {processor.py:208} INFO - Processing /opt/airflow/dags/predictions_dag.py took 0.280 seconds
[2026-06-19T00:44:16.385+0000] {processor.py:186} INFO - Started process (PID=211) to work on /opt/airflow/dags/predictions_dag.py
[2026-06-19T00:44:16.387+0000] {processor.py:914} INFO - Processing file /opt/airflow/dags/predictions_dag.py for tasks to queue
[2026-06-19T00:44:16.390+0000] {logging_mixin.py:190} INFO - [2026-06-19T00:44:16.390+0000] {dagbag.py:587} INFO - Filling up the DagBag from /opt/airflow/dags/predictions_dag.py
[2026-06-19T00:44:16.658+0000] {processor.py:925} INFO - DAG(s) 'daily_predictions' retrieved from /opt/airflow/dags/predictions_dag.py
[2026-06-19T00:44:16.670+0000] {logging_mixin.py:190} INFO - [2026-06-19T00:44:16.670+0000] {dag.py:3211} INFO - Sync 1 DAGs
[2026-06-19T00:44:16.683+0000] {logging_mixin.py:190} INFO - [2026-06-19T00:44:16.683+0000] {dag.py:4138} INFO - Setting next_dagrun for daily_predictions to 2026-06-01 10:00:00+00:00, run_after=2026-07-01 10:00:00+00:00
[2026-06-19T00:44:16.692+0000] {processor.py:208} INFO - Processing /opt/airflow/dags/predictions_dag.py took 0.322 seconds
[2026-06-19T00:44:47.051+0000] {processor.py:186} INFO - Started process (PID=214) to work on /opt/airflow/dags/predictions_dag.py
[2026-06-19T00:44:47.057+0000] {processor.py:914} INFO - Processing file /opt/airflow/dags/predictions_dag.py for tasks to queue
[2026-06-19T00:44:47.067+0000] {logging_mixin.py:190} INFO - [2026-06-19T00:44:47.067+0000] {dagbag.py:587} INFO - Filling up the DagBag from /opt/airflow/dags/predictions_dag.py
[2026-06-19T00:44:47.498+0000] {processor.py:925} INFO - DAG(s) 'daily_predictions' retrieved from /opt/airflow/dags/predictions_dag.py
[2026-06-19T00:44:47.516+0000] {logging_mixin.py:190} INFO - [2026-06-19T00:44:47.515+0000] {dag.py:3211} INFO - Sync 1 DAGs
[2026-06-19T00:44:47.534+0000] {logging_mixin.py:190} INFO - [2026-06-19T00:44:47.534+0000] {dag.py:4138} INFO - Setting next_dagrun for daily_predictions to 2026-06-01 10:00:00+00:00, run_after=2026-07-01 10:00:00+00:00
[2026-06-19T00:44:47.554+0000] {processor.py:208} INFO - Processing /opt/airflow/dags/predictions_dag.py took 0.558 seconds
[2026-06-19T00:45:17.761+0000] {processor.py:186} INFO - Started process (PID=217) to work on /opt/airflow/dags/predictions_dag.py
[2026-06-19T00:45:17.764+0000] {processor.py:914} INFO - Processing file /opt/airflow/dags/predictions_dag.py for tasks to queue
[2026-06-19T00:45:17.770+0000] {logging_mixin.py:190} INFO - [2026-06-19T00:45:17.769+0000] {dagbag.py:587} INFO - Filling up the DagBag from /opt/airflow/dags/predictions_dag.py
[2026-06-19T00:45:18.037+0000] {processor.py:925} INFO - DAG(s) 'daily_predictions' retrieved from /opt/airflow/dags/predictions_dag.py
[2026-06-19T00:45:18.054+0000] {logging_mixin.py:190} INFO - [2026-06-19T00:45:18.054+0000] {dag.py:3211} INFO - Sync 1 DAGs
[2026-06-19T00:45:18.067+0000] {logging_mixin.py:190} INFO - [2026-06-19T00:45:18.067+0000] {dag.py:4138} INFO - Setting next_dagrun for daily_predictions to 2026-06-01 10:00:00+00:00, run_after=2026-07-01 10:00:00+00:00
[2026-06-19T00:45:18.082+0000] {processor.py:208} INFO - Processing /opt/airflow/dags/predictions_dag.py took 0.354 seconds
[2026-06-19T00:45:48.293+0000] {processor.py:186} INFO - Started process (PID=220) to work on /opt/airflow/dags/predictions_dag.py
[2026-06-19T00:45:48.296+0000] {processor.py:914} INFO - Processing file /opt/airflow/dags/predictions_dag.py for tasks to queue
[2026-06-19T00:45:48.300+0000] {logging_mixin.py:190} INFO - [2026-06-19T00:45:48.299+0000] {dagbag.py:587} INFO - Filling up the DagBag from /opt/airflow/dags/predictions_dag.py
[2026-06-19T00:45:48.556+0000] {processor.py:925} INFO - DAG(s) 'daily_predictions' retrieved from /opt/airflow/dags/predictions_dag.py
[2026-06-19T00:45:48.568+0000] {logging_mixin.py:190} INFO - [2026-06-19T00:45:48.568+0000] {dag.py:3211} INFO - Sync 1 DAGs
[2026-06-19T00:45:48.584+0000] {logging_mixin.py:190} INFO - [2026-06-19T00:45:48.584+0000] {dag.py:4138} INFO - Setting next_dagrun for daily_predictions to 2026-06-01 10:00:00+00:00, run_after=2026-07-01 10:00:00+00:00
[2026-06-19T00:45:48.597+0000] {processor.py:208} INFO - Processing /opt/airflow/dags/predictions_dag.py took 0.316 seconds
[2026-06-19T00:46:18.823+0000] {processor.py:186} INFO - Started process (PID=223) to work on /opt/airflow/dags/predictions_dag.py
[2026-06-19T00:46:18.827+0000] {processor.py:914} INFO - Processing file /opt/airflow/dags/predictions_dag.py for tasks to queue
[2026-06-19T00:46:18.833+0000] {logging_mixin.py:190} INFO - [2026-06-19T00:46:18.833+0000] {dagbag.py:587} INFO - Filling up the DagBag from /opt/airflow/dags/predictions_dag.py
[2026-06-19T00:46:19.075+0000] {processor.py:925} INFO - DAG(s) 'daily_predictions' retrieved from /opt/airflow/dags/predictions_dag.py
[2026-06-19T00:46:19.087+0000] {logging_mixin.py:190} INFO - [2026-06-19T00:46:19.087+0000] {dag.py:3211} INFO - Sync 1 DAGs
[2026-06-19T00:46:19.098+0000] {logging_mixin.py:190} INFO - [2026-06-19T00:46:19.098+0000] {dag.py:4138} INFO - Setting next_dagrun for daily_predictions to 2026-06-01 10:00:00+00:00, run_after=2026-07-01 10:00:00+00:00
[2026-06-19T00:46:19.132+0000] {processor.py:208} INFO - Processing /opt/airflow/dags/predictions_dag.py took 0.319 seconds
[2026-06-19T00:46:49.374+0000] {processor.py:186} INFO - Started process (PID=226) to work on /opt/airflow/dags/predictions_dag.py
[2026-06-19T00:46:49.375+0000] {processor.py:914} INFO - Processing file /opt/airflow/dags/predictions_dag.py for tasks to queue
[2026-06-19T00:46:49.379+0000] {logging_mixin.py:190} INFO - [2026-06-19T00:46:49.378+0000] {dagbag.py:587} INFO - Filling up the DagBag from /opt/airflow/dags/predictions_dag.py
[2026-06-19T00:46:49.605+0000] {processor.py:925} INFO - DAG(s) 'daily_predictions' retrieved from /opt/airflow/dags/predictions_dag.py
[2026-06-19T00:46:49.622+0000] {logging_mixin.py:190} INFO - [2026-06-19T00:46:49.621+0000] {dag.py:3211} INFO - Sync 1 DAGs
[2026-06-19T00:46:49.632+0000] {logging_mixin.py:190} INFO - [2026-06-19T00:46:49.632+0000] {dag.py:4138} INFO - Setting next_dagrun for daily_predictions to 2026-06-01 10:00:00+00:00, run_after=2026-07-01 10:00:00+00:00
[2026-06-19T00:46:49.649+0000] {processor.py:208} INFO - Processing /opt/airflow/dags/predictions_dag.py took 0.282 seconds
[2026-06-19T00:47:19.803+0000] {processor.py:186} INFO - Started process (PID=229) to work on /opt/airflow/dags/predictions_dag.py
[2026-06-19T00:47:19.805+0000] {processor.py:914} INFO - Processing file /opt/airflow/dags/predictions_dag.py for tasks to queue
[2026-06-19T00:47:19.811+0000] {logging_mixin.py:190} INFO - [2026-06-19T00:47:19.810+0000] {dagbag.py:587} INFO - Filling up the DagBag from /opt/airflow/dags/predictions_dag.py
[2026-06-19T00:47:20.367+0000] {processor.py:925} INFO - DAG(s) 'daily_predictions' retrieved from /opt/airflow/dags/predictions_dag.py
[2026-06-19T00:47:20.389+0000] {logging_mixin.py:190} INFO - [2026-06-19T00:47:20.389+0000] {dag.py:3211} INFO - Sync 1 DAGs
[2026-06-19T00:47:20.433+0000] {logging_mixin.py:190} INFO - [2026-06-19T00:47:20.432+0000] {dag.py:4138} INFO - Setting next_dagrun for daily_predictions to 2026-06-01 10:00:00+00:00, run_after=2026-07-01 10:00:00+00:00
[2026-06-19T00:47:20.471+0000] {processor.py:208} INFO - Processing /opt/airflow/dags/predictions_dag.py took 0.686 seconds
[2026-06-19T00:47:50.704+0000] {processor.py:186} INFO - Started process (PID=232) to work on /opt/airflow/dags/predictions_dag.py
[2026-06-19T00:47:50.705+0000] {processor.py:914} INFO - Processing file /opt/airflow/dags/predictions_dag.py for tasks to queue
[2026-06-19T00:47:50.719+0000] {logging_mixin.py:190} INFO - [2026-06-19T00:47:50.717+0000] {dagbag.py:587} INFO - Filling up the DagBag from /opt/airflow/dags/predictions_dag.py
[2026-06-19T00:47:50.939+0000] {processor.py:925} INFO - DAG(s) 'daily_predictions' retrieved from /opt/airflow/dags/predictions_dag.py
[2026-06-19T00:47:50.950+0000] {logging_mixin.py:190} INFO - [2026-06-19T00:47:50.950+0000] {dag.py:3211} INFO - Sync 1 DAGs
[2026-06-19T00:47:50.964+0000] {logging_mixin.py:190} INFO - [2026-06-19T00:47:50.964+0000] {dag.py:4138} INFO - Setting next_dagrun for daily_predictions to 2026-06-01 10:00:00+00:00, run_after=2026-07-01 10:00:00+00:00
[2026-06-19T00:47:50.974+0000] {processor.py:208} INFO - Processing /opt/airflow/dags/predictions_dag.py took 0.288 seconds
[2026-06-19T00:48:21.144+0000] {processor.py:186} INFO - Started process (PID=235) to work on /opt/airflow/dags/predictions_dag.py
[2026-06-19T00:48:21.148+0000] {processor.py:914} INFO - Processing file /opt/airflow/dags/predictions_dag.py for tasks to queue
[2026-06-19T00:48:21.153+0000] {logging_mixin.py:190} INFO - [2026-06-19T00:48:21.153+0000] {dagbag.py:587} INFO - Filling up the DagBag from /opt/airflow/dags/predictions_dag.py
[2026-06-19T00:48:21.425+0000] {processor.py:925} INFO - DAG(s) 'daily_predictions' retrieved from /opt/airflow/dags/predictions_dag.py
[2026-06-19T00:48:21.440+0000] {logging_mixin.py:190} INFO - [2026-06-19T00:48:21.440+0000] {dag.py:3211} INFO - Sync 1 DAGs
[2026-06-19T00:48:21.453+0000] {logging_mixin.py:190} INFO - [2026-06-19T00:48:21.453+0000] {dag.py:4138} INFO - Setting next_dagrun for daily_predictions to 2026-06-01 10:00:00+00:00, run_after=2026-07-01 10:00:00+00:00
[2026-06-19T00:48:21.470+0000] {processor.py:208} INFO - Processing /opt/airflow/dags/predictions_dag.py took 0.346 seconds
[2026-06-19T00:48:51.680+0000] {processor.py:186} INFO - Started process (PID=238) to work on /opt/airflow/dags/predictions_dag.py
[2026-06-19T00:48:51.686+0000] {processor.py:914} INFO - Processing file /opt/airflow/dags/predictions_dag.py for tasks to queue
[2026-06-19T00:48:51.697+0000] {logging_mixin.py:190} INFO - [2026-06-19T00:48:51.692+0000] {dagbag.py:587} INFO - Filling up the DagBag from /opt/airflow/dags/predictions_dag.py
[2026-06-19T00:48:52.003+0000] {processor.py:925} INFO - DAG(s) 'daily_predictions' retrieved from /opt/airflow/dags/predictions_dag.py
[2026-06-19T00:48:52.022+0000] {logging_mixin.py:190} INFO - [2026-06-19T00:48:52.022+0000] {dag.py:3211} INFO - Sync 1 DAGs
[2026-06-19T00:48:52.045+0000] {logging_mixin.py:190} INFO - [2026-06-19T00:48:52.045+0000] {dag.py:4138} INFO - Setting next_dagrun for daily_predictions to 2026-06-01 10:00:00+00:00, run_after=2026-07-01 10:00:00+00:00
[2026-06-19T00:48:52.057+0000] {processor.py:208} INFO - Processing /opt/airflow/dags/predictions_dag.py took 0.392 seconds
[2026-06-19T00:49:22.241+0000] {processor.py:186} INFO - Started process (PID=241) to work on /opt/airflow/dags/predictions_dag.py
[2026-06-19T00:49:22.243+0000] {processor.py:914} INFO - Processing file /opt/airflow/dags/predictions_dag.py for tasks to queue
[2026-06-19T00:49:22.248+0000] {logging_mixin.py:190} INFO - [2026-06-19T00:49:22.247+0000] {dagbag.py:587} INFO - Filling up the DagBag from /opt/airflow/dags/predictions_dag.py
[2026-06-19T00:49:22.478+0000] {processor.py:925} INFO - DAG(s) 'daily_predictions' retrieved from /opt/airflow/dags/predictions_dag.py
[2026-06-19T00:49:22.494+0000] {logging_mixin.py:190} INFO - [2026-06-19T00:49:22.494+0000] {dag.py:3211} INFO - Sync 1 DAGs
[2026-06-19T00:49:22.506+0000] {logging_mixin.py:190} INFO - [2026-06-19T00:49:22.506+0000] {dag.py:4138} INFO - Setting next_dagrun for daily_predictions to 2026-06-01 10:00:00+00:00, run_after=2026-07-01 10:00:00+00:00
[2026-06-19T00:49:22.518+0000] {processor.py:208} INFO - Processing /opt/airflow/dags/predictions_dag.py took 0.295 seconds
[2026-06-19T00:49:52.775+0000] {processor.py:186} INFO - Started process (PID=244) to work on /opt/airflow/dags/predictions_dag.py
[2026-06-19T00:49:52.778+0000] {processor.py:914} INFO - Processing file /opt/airflow/dags/predictions_dag.py for tasks to queue
[2026-06-19T00:49:52.784+0000] {logging_mixin.py:190} INFO - [2026-06-19T00:49:52.783+0000] {dagbag.py:587} INFO - Filling up the DagBag from /opt/airflow/dags/predictions_dag.py
[2026-06-19T00:49:53.003+0000] {processor.py:925} INFO - DAG(s) 'daily_predictions' retrieved from /opt/airflow/dags/predictions_dag.py
[2026-06-19T00:49:53.015+0000] {logging_mixin.py:190} INFO - [2026-06-19T00:49:53.015+0000] {dag.py:3211} INFO - Sync 1 DAGs
[2026-06-19T00:49:53.026+0000] {logging_mixin.py:190} INFO - [2026-06-19T00:49:53.026+0000] {dag.py:4138} INFO - Setting next_dagrun for daily_predictions to 2026-06-01 10:00:00+00:00, run_after=2026-07-01 10:00:00+00:00
[2026-06-19T00:49:53.037+0000] {processor.py:208} INFO - Processing /opt/airflow/dags/predictions_dag.py took 0.275 seconds
[2026-06-19T00:50:23.228+0000] {processor.py:186} INFO - Started process (PID=247) to work on /opt/airflow/dags/predictions_dag.py
[2026-06-19T00:50:23.232+0000] {processor.py:914} INFO - Processing file /opt/airflow/dags/predictions_dag.py for tasks to queue
[2026-06-19T00:50:23.238+0000] {logging_mixin.py:190} INFO - [2026-06-19T00:50:23.237+0000] {dagbag.py:587} INFO - Filling up the DagBag from /opt/airflow/dags/predictions_dag.py
[2026-06-19T00:50:23.481+0000] {processor.py:925} INFO - DAG(s) 'daily_predictions' retrieved from /opt/airflow/dags/predictions_dag.py
[2026-06-19T00:50:23.494+0000] {logging_mixin.py:190} INFO - [2026-06-19T00:50:23.494+0000] {dag.py:3211} INFO - Sync 1 DAGs
[2026-06-19T00:50:23.505+0000] {logging_mixin.py:190} INFO - [2026-06-19T00:50:23.505+0000] {dag.py:4138} INFO - Setting next_dagrun for daily_predictions to 2026-06-01 10:00:00+00:00, run_after=2026-07-01 10:00:00+00:00
[2026-06-19T00:50:23.516+0000] {processor.py:208} INFO - Processing /opt/airflow/dags/predictions_dag.py took 0.313 seconds
[2026-06-19T00:50:53.767+0000] {processor.py:186} INFO - Started process (PID=250) to work on /opt/airflow/dags/predictions_dag.py
[2026-06-19T00:50:53.769+0000] {processor.py:914} INFO - Processing file /opt/airflow/dags/predictions_dag.py for tasks to queue
[2026-06-19T00:50:53.777+0000] {logging_mixin.py:190} INFO - [2026-06-19T00:50:53.776+0000] {dagbag.py:587} INFO - Filling up the DagBag from /opt/airflow/dags/predictions_dag.py
[2026-06-19T00:50:54.000+0000] {processor.py:925} INFO - DAG(s) 'daily_predictions' retrieved from /opt/airflow/dags/predictions_dag.py
[2026-06-19T00:50:54.014+0000] {logging_mixin.py:190} INFO - [2026-06-19T00:50:54.014+0000] {dag.py:3211} INFO - Sync 1 DAGs
[2026-06-19T00:50:54.025+0000] {logging_mixin.py:190} INFO - [2026-06-19T00:50:54.025+0000] {dag.py:4138} INFO - Setting next_dagrun for daily_predictions to 2026-06-01 10:00:00+00:00, run_after=2026-07-01 10:00:00+00:00
[2026-06-19T00:50:54.035+0000] {processor.py:208} INFO - Processing /opt/airflow/dags/predictions_dag.py took 0.289 seconds
[2026-06-19T00:51:24.177+0000] {processor.py:186} INFO - Started process (PID=253) to work on /opt/airflow/dags/predictions_dag.py
[2026-06-19T00:51:24.179+0000] {processor.py:914} INFO - Processing file /opt/airflow/dags/predictions_dag.py for tasks to queue
[2026-06-19T00:51:24.189+0000] {logging_mixin.py:190} INFO - [2026-06-19T00:51:24.186+0000] {dagbag.py:587} INFO - Filling up the DagBag from /opt/airflow/dags/predictions_dag.py
[2026-06-19T00:51:24.433+0000] {processor.py:925} INFO - DAG(s) 'daily_predictions' retrieved from /opt/airflow/dags/predictions_dag.py
[2026-06-19T00:51:24.452+0000] {logging_mixin.py:190} INFO - [2026-06-19T00:51:24.452+0000] {dag.py:3211} INFO - Sync 1 DAGs
[2026-06-19T00:51:24.469+0000] {logging_mixin.py:190} INFO - [2026-06-19T00:51:24.469+0000] {dag.py:4138} INFO - Setting next_dagrun for daily_predictions to 2026-06-01 10:00:00+00:00, run_after=2026-07-01 10:00:00+00:00
[2026-06-19T00:51:24.483+0000] {processor.py:208} INFO - Processing /opt/airflow/dags/predictions_dag.py took 0.321 seconds
[2026-06-19T00:51:54.730+0000] {processor.py:186} INFO - Started process (PID=256) to work on /opt/airflow/dags/predictions_dag.py
[2026-06-19T00:51:54.733+0000] {processor.py:914} INFO - Processing file /opt/airflow/dags/predictions_dag.py for tasks to queue
[2026-06-19T00:51:54.738+0000] {logging_mixin.py:190} INFO - [2026-06-19T00:51:54.737+0000] {dagbag.py:587} INFO - Filling up the DagBag from /opt/airflow/dags/predictions_dag.py
[2026-06-19T00:51:54.984+0000] {processor.py:925} INFO - DAG(s) 'daily_predictions' retrieved from /opt/airflow/dags/predictions_dag.py
[2026-06-19T00:51:54.997+0000] {logging_mixin.py:190} INFO - [2026-06-19T00:51:54.996+0000] {dag.py:3211} INFO - Sync 1 DAGs
[2026-06-19T00:51:55.008+0000] {logging_mixin.py:190} INFO - [2026-06-19T00:51:55.008+0000] {dag.py:4138} INFO - Setting next_dagrun for daily_predictions to 2026-06-01 10:00:00+00:00, run_after=2026-07-01 10:00:00+00:00
[2026-06-19T00:51:55.018+0000] {processor.py:208} INFO - Processing /opt/airflow/dags/predictions_dag.py took 0.308 seconds
[2026-06-19T00:52:25.354+0000] {processor.py:186} INFO - Started process (PID=259) to work on /opt/airflow/dags/predictions_dag.py
[2026-06-19T00:52:25.358+0000] {processor.py:914} INFO - Processing file /opt/airflow/dags/predictions_dag.py for tasks to queue
[2026-06-19T00:52:25.367+0000] {logging_mixin.py:190} INFO - [2026-06-19T00:52:25.366+0000] {dagbag.py:587} INFO - Filling up the DagBag from /opt/airflow/dags/predictions_dag.py
[2026-06-19T00:52:25.624+0000] {processor.py:925} INFO - DAG(s) 'daily_predictions' retrieved from /opt/airflow/dags/predictions_dag.py
[2026-06-19T00:52:25.651+0000] {logging_mixin.py:190} INFO - [2026-06-19T00:52:25.650+0000] {dag.py:3211} INFO - Sync 1 DAGs
[2026-06-19T00:52:25.663+0000] {logging_mixin.py:190} INFO - [2026-06-19T00:52:25.663+0000] {dag.py:4138} INFO - Setting next_dagrun for daily_predictions to 2026-06-01 10:00:00+00:00, run_after=2026-07-01 10:00:00+00:00
[2026-06-19T00:52:25.684+0000] {processor.py:208} INFO - Processing /opt/airflow/dags/predictions_dag.py took 0.345 seconds
[2026-06-19T00:52:55.944+0000] {processor.py:186} INFO - Started process (PID=262) to work on /opt/airflow/dags/predictions_dag.py
[2026-06-19T00:52:55.946+0000] {processor.py:914} INFO - Processing file /opt/airflow/dags/predictions_dag.py for tasks to queue
[2026-06-19T00:52:55.957+0000] {logging_mixin.py:190} INFO - [2026-06-19T00:52:55.953+0000] {dagbag.py:587} INFO - Filling up the DagBag from /opt/airflow/dags/predictions_dag.py
[2026-06-19T00:52:56.302+0000] {processor.py:925} INFO - DAG(s) 'daily_predictions' retrieved from /opt/airflow/dags/predictions_dag.py
[2026-06-19T00:52:56.319+0000] {logging_mixin.py:190} INFO - [2026-06-19T00:52:56.319+0000] {dag.py:3211} INFO - Sync 1 DAGs
[2026-06-19T00:52:56.333+0000] {logging_mixin.py:190} INFO - [2026-06-19T00:52:56.333+0000] {dag.py:4138} INFO - Setting next_dagrun for daily_predictions to 2026-06-01 10:00:00+00:00, run_after=2026-07-01 10:00:00+00:00
[2026-06-19T00:52:56.345+0000] {processor.py:208} INFO - Processing /opt/airflow/dags/predictions_dag.py took 0.419 seconds
[2026-06-19T00:53:26.605+0000] {processor.py:186} INFO - Started process (PID=265) to work on /opt/airflow/dags/predictions_dag.py
[2026-06-19T00:53:26.609+0000] {processor.py:914} INFO - Processing file /opt/airflow/dags/predictions_dag.py for tasks to queue
[2026-06-19T00:53:26.614+0000] {logging_mixin.py:190} INFO - [2026-06-19T00:53:26.613+0000] {dagbag.py:587} INFO - Filling up the DagBag from /opt/airflow/dags/predictions_dag.py
[2026-06-19T00:53:26.829+0000] {processor.py:925} INFO - DAG(s) 'daily_predictions' retrieved from /opt/airflow/dags/predictions_dag.py
[2026-06-19T00:53:26.849+0000] {logging_mixin.py:190} INFO - [2026-06-19T00:53:26.849+0000] {dag.py:3211} INFO - Sync 1 DAGs
[2026-06-19T00:53:26.868+0000] {logging_mixin.py:190} INFO - [2026-06-19T00:53:26.868+0000] {dag.py:4138} INFO - Setting next_dagrun for daily_predictions to 2026-06-01 10:00:00+00:00, run_after=2026-07-01 10:00:00+00:00
[2026-06-19T00:53:26.881+0000] {processor.py:208} INFO - Processing /opt/airflow/dags/predictions_dag.py took 0.288 seconds
[2026-06-19T00:53:57.070+0000] {processor.py:186} INFO - Started process (PID=268) to work on /opt/airflow/dags/predictions_dag.py
[2026-06-19T00:53:57.073+0000] {processor.py:914} INFO - Processing file /opt/airflow/dags/predictions_dag.py for tasks to queue
[2026-06-19T00:53:57.079+0000] {logging_mixin.py:190} INFO - [2026-06-19T00:53:57.078+0000] {dagbag.py:587} INFO - Filling up the DagBag from /opt/airflow/dags/predictions_dag.py
[2026-06-19T00:53:57.304+0000] {processor.py:925} INFO - DAG(s) 'daily_predictions' retrieved from /opt/airflow/dags/predictions_dag.py
[2026-06-19T00:53:57.320+0000] {logging_mixin.py:190} INFO - [2026-06-19T00:53:57.320+0000] {dag.py:3211} INFO - Sync 1 DAGs
[2026-06-19T00:53:57.332+0000] {logging_mixin.py:190} INFO - [2026-06-19T00:53:57.331+0000] {dag.py:4138} INFO - Setting next_dagrun for daily_predictions to 2026-06-01 10:00:00+00:00, run_after=2026-07-01 10:00:00+00:00
[2026-06-19T00:53:57.343+0000] {processor.py:208} INFO - Processing /opt/airflow/dags/predictions_dag.py took 0.296 seconds
[2026-06-19T00:54:27.606+0000] {processor.py:186} INFO - Started process (PID=271) to work on /opt/airflow/dags/predictions_dag.py
[2026-06-19T00:54:27.608+0000] {processor.py:914} INFO - Processing file /opt/airflow/dags/predictions_dag.py for tasks to queue
[2026-06-19T00:54:27.614+0000] {logging_mixin.py:190} INFO - [2026-06-19T00:54:27.613+0000] {dagbag.py:587} INFO - Filling up the DagBag from /opt/airflow/dags/predictions_dag.py
[2026-06-19T00:54:27.830+0000] {processor.py:925} INFO - DAG(s) 'daily_predictions' retrieved from /opt/airflow/dags/predictions_dag.py
[2026-06-19T00:54:27.842+0000] {logging_mixin.py:190} INFO - [2026-06-19T00:54:27.841+0000] {dag.py:3211} INFO - Sync 1 DAGs
[2026-06-19T00:54:27.852+0000] {logging_mixin.py:190} INFO - [2026-06-19T00:54:27.852+0000] {dag.py:4138} INFO - Setting next_dagrun for daily_predictions to 2026-06-01 10:00:00+00:00, run_after=2026-07-01 10:00:00+00:00
[2026-06-19T00:54:27.863+0000] {processor.py:208} INFO - Processing /opt/airflow/dags/predictions_dag.py took 0.270 seconds
[2026-06-19T00:54:58.047+0000] {processor.py:186} INFO - Started process (PID=274) to work on /opt/airflow/dags/predictions_dag.py
[2026-06-19T00:54:58.051+0000] {processor.py:914} INFO - Processing file /opt/airflow/dags/predictions_dag.py for tasks to queue
[2026-06-19T00:54:58.077+0000] {logging_mixin.py:190} INFO - [2026-06-19T00:54:58.070+0000] {dagbag.py:587} INFO - Filling up the DagBag from /opt/airflow/dags/predictions_dag.py
[2026-06-19T00:54:58.530+0000] {processor.py:925} INFO - DAG(s) 'daily_predictions' retrieved from /opt/airflow/dags/predictions_dag.py
[2026-06-19T00:54:58.563+0000] {logging_mixin.py:190} INFO - [2026-06-19T00:54:58.563+0000] {dag.py:3211} INFO - Sync 1 DAGs
[2026-06-19T00:54:58.577+0000] {logging_mixin.py:190} INFO - [2026-06-19T00:54:58.577+0000] {dag.py:4138} INFO - Setting next_dagrun for daily_predictions to 2026-06-01 10:00:00+00:00, run_after=2026-07-01 10:00:00+00:00
[2026-06-19T00:54:58.590+0000] {processor.py:208} INFO - Processing /opt/airflow/dags/predictions_dag.py took 0.561 seconds
[2026-06-19T00:55:28.830+0000] {processor.py:186} INFO - Started process (PID=277) to work on /opt/airflow/dags/predictions_dag.py
[2026-06-19T00:55:28.835+0000] {processor.py:914} INFO - Processing file /opt/airflow/dags/predictions_dag.py for tasks to queue
[2026-06-19T00:55:28.846+0000] {logging_mixin.py:190} INFO - [2026-06-19T00:55:28.845+0000] {dagbag.py:587} INFO - Filling up the DagBag from /opt/airflow/dags/predictions_dag.py
[2026-06-19T00:55:29.105+0000] {processor.py:925} INFO - DAG(s) 'daily_predictions' retrieved from /opt/airflow/dags/predictions_dag.py
[2026-06-19T00:55:29.120+0000] {logging_mixin.py:190} INFO - [2026-06-19T00:55:29.120+0000] {dag.py:3211} INFO - Sync 1 DAGs
[2026-06-19T00:55:29.132+0000] {logging_mixin.py:190} INFO - [2026-06-19T00:55:29.132+0000] {dag.py:4138} INFO - Setting next_dagrun for daily_predictions to 2026-06-01 10:00:00+00:00, run_after=2026-07-01 10:00:00+00:00
[2026-06-19T00:55:29.144+0000] {processor.py:208} INFO - Processing /opt/airflow/dags/predictions_dag.py took 0.332 seconds
[2026-06-19T00:55:59.360+0000] {processor.py:186} INFO - Started process (PID=280) to work on /opt/airflow/dags/predictions_dag.py
[2026-06-19T00:55:59.361+0000] {processor.py:914} INFO - Processing file /opt/airflow/dags/predictions_dag.py for tasks to queue
[2026-06-19T00:55:59.367+0000] {logging_mixin.py:190} INFO - [2026-06-19T00:55:59.366+0000] {dagbag.py:587} INFO - Filling up the DagBag from /opt/airflow/dags/predictions_dag.py
[2026-06-19T00:55:59.704+0000] {processor.py:925} INFO - DAG(s) 'daily_predictions' retrieved from /opt/airflow/dags/predictions_dag.py
[2026-06-19T00:55:59.723+0000] {logging_mixin.py:190} INFO - [2026-06-19T00:55:59.722+0000] {dag.py:3211} INFO - Sync 1 DAGs
[2026-06-19T00:55:59.749+0000] {logging_mixin.py:190} INFO - [2026-06-19T00:55:59.748+0000] {dag.py:4138} INFO - Setting next_dagrun for daily_predictions to 2026-06-01 10:00:00+00:00, run_after=2026-07-01 10:00:00+00:00
[2026-06-19T00:55:59.765+0000] {processor.py:208} INFO - Processing /opt/airflow/dags/predictions_dag.py took 0.416 seconds
[2026-06-19T00:56:30.022+0000] {processor.py:186} INFO - Started process (PID=283) to work on /opt/airflow/dags/predictions_dag.py
[2026-06-19T00:56:30.026+0000] {processor.py:914} INFO - Processing file /opt/airflow/dags/predictions_dag.py for tasks to queue
[2026-06-19T00:56:30.031+0000] {logging_mixin.py:190} INFO - [2026-06-19T00:56:30.030+0000] {dagbag.py:587} INFO - Filling up the DagBag from /opt/airflow/dags/predictions_dag.py
[2026-06-19T00:56:30.302+0000] {processor.py:925} INFO - DAG(s) 'daily_predictions' retrieved from /opt/airflow/dags/predictions_dag.py
[2026-06-19T00:56:30.317+0000] {logging_mixin.py:190} INFO - [2026-06-19T00:56:30.317+0000] {dag.py:3211} INFO - Sync 1 DAGs
[2026-06-19T00:56:30.337+0000] {logging_mixin.py:190} INFO - [2026-06-19T00:56:30.337+0000] {dag.py:4138} INFO - Setting next_dagrun for daily_predictions to 2026-06-01 10:00:00+00:00, run_after=2026-07-01 10:00:00+00:00
[2026-06-19T00:56:30.348+0000] {processor.py:208} INFO - Processing /opt/airflow/dags/predictions_dag.py took 0.358 seconds
[2026-06-19T00:57:00.547+0000] {processor.py:186} INFO - Started process (PID=286) to work on /opt/airflow/dags/predictions_dag.py
[2026-06-19T00:57:00.549+0000] {processor.py:914} INFO - Processing file /opt/airflow/dags/predictions_dag.py for tasks to queue
[2026-06-19T00:57:00.557+0000] {logging_mixin.py:190} INFO - [2026-06-19T00:57:00.556+0000] {dagbag.py:587} INFO - Filling up the DagBag from /opt/airflow/dags/predictions_dag.py
[2026-06-19T00:57:00.819+0000] {processor.py:925} INFO - DAG(s) 'daily_predictions' retrieved from /opt/airflow/dags/predictions_dag.py
[2026-06-19T00:57:00.833+0000] {logging_mixin.py:190} INFO - [2026-06-19T00:57:00.833+0000] {dag.py:3211} INFO - Sync 1 DAGs
[2026-06-19T00:57:00.847+0000] {logging_mixin.py:190} INFO - [2026-06-19T00:57:00.847+0000] {dag.py:4138} INFO - Setting next_dagrun for daily_predictions to 2026-06-01 10:00:00+00:00, run_after=2026-07-01 10:00:00+00:00
[2026-06-19T00:57:00.862+0000] {processor.py:208} INFO - Processing /opt/airflow/dags/predictions_dag.py took 0.328 seconds
[2026-06-19T00:57:31.150+0000] {processor.py:186} INFO - Started process (PID=289) to work on /opt/airflow/dags/predictions_dag.py
[2026-06-19T00:57:31.153+0000] {processor.py:914} INFO - Processing file /opt/airflow/dags/predictions_dag.py for tasks to queue
[2026-06-19T00:57:31.165+0000] {logging_mixin.py:190} INFO - [2026-06-19T00:57:31.163+0000] {dagbag.py:587} INFO - Filling up the DagBag from /opt/airflow/dags/predictions_dag.py
[2026-06-19T00:57:31.493+0000] {processor.py:925} INFO - DAG(s) 'daily_predictions' retrieved from /opt/airflow/dags/predictions_dag.py
[2026-06-19T00:57:31.508+0000] {logging_mixin.py:190} INFO - [2026-06-19T00:57:31.507+0000] {dag.py:3211} INFO - Sync 1 DAGs
[2026-06-19T00:57:31.519+0000] {logging_mixin.py:190} INFO - [2026-06-19T00:57:31.519+0000] {dag.py:4138} INFO - Setting next_dagrun for daily_predictions to 2026-06-01 10:00:00+00:00, run_after=2026-07-01 10:00:00+00:00
[2026-06-19T00:57:31.531+0000] {processor.py:208} INFO - Processing /opt/airflow/dags/predictions_dag.py took 0.396 seconds
[2026-06-19T00:58:01.693+0000] {processor.py:186} INFO - Started process (PID=292) to work on /opt/airflow/dags/predictions_dag.py
[2026-06-19T00:58:01.696+0000] {processor.py:914} INFO - Processing file /opt/airflow/dags/predictions_dag.py for tasks to queue
[2026-06-19T00:58:01.704+0000] {logging_mixin.py:190} INFO - [2026-06-19T00:58:01.703+0000] {dagbag.py:587} INFO - Filling up the DagBag from /opt/airflow/dags/predictions_dag.py
[2026-06-19T00:58:01.946+0000] {processor.py:925} INFO - DAG(s) 'daily_predictions' retrieved from /opt/airflow/dags/predictions_dag.py
[2026-06-19T00:58:01.958+0000] {logging_mixin.py:190} INFO - [2026-06-19T00:58:01.958+0000] {dag.py:3211} INFO - Sync 1 DAGs
[2026-06-19T00:58:01.969+0000] {logging_mixin.py:190} INFO - [2026-06-19T00:58:01.969+0000] {dag.py:4138} INFO - Setting next_dagrun for daily_predictions to 2026-06-01 10:00:00+00:00, run_after=2026-07-01 10:00:00+00:00
[2026-06-19T00:58:01.989+0000] {processor.py:208} INFO - Processing /opt/airflow/dags/predictions_dag.py took 0.316 seconds
[2026-06-19T00:58:32.249+0000] {processor.py:186} INFO - Started process (PID=295) to work on /opt/airflow/dags/predictions_dag.py
[2026-06-19T00:58:32.253+0000] {processor.py:914} INFO - Processing file /opt/airflow/dags/predictions_dag.py for tasks to queue
[2026-06-19T00:58:32.259+0000] {logging_mixin.py:190} INFO - [2026-06-19T00:58:32.258+0000] {dagbag.py:587} INFO - Filling up the DagBag from /opt/airflow/dags/predictions_dag.py
[2026-06-19T00:58:32.489+0000] {processor.py:925} INFO - DAG(s) 'daily_predictions' retrieved from /opt/airflow/dags/predictions_dag.py
[2026-06-19T00:58:32.501+0000] {logging_mixin.py:190} INFO - [2026-06-19T00:58:32.501+0000] {dag.py:3211} INFO - Sync 1 DAGs
[2026-06-19T00:58:32.513+0000] {logging_mixin.py:190} INFO - [2026-06-19T00:58:32.512+0000] {dag.py:4138} INFO - Setting next_dagrun for daily_predictions to 2026-06-01 10:00:00+00:00, run_after=2026-07-01 10:00:00+00:00
[2026-06-19T00:58:32.523+0000] {processor.py:208} INFO - Processing /opt/airflow/dags/predictions_dag.py took 0.290 seconds
[2026-06-19T00:59:02.665+0000] {processor.py:186} INFO - Started process (PID=298) to work on /opt/airflow/dags/predictions_dag.py
[2026-06-19T00:59:02.670+0000] {processor.py:914} INFO - Processing file /opt/airflow/dags/predictions_dag.py for tasks to queue
[2026-06-19T00:59:02.676+0000] {logging_mixin.py:190} INFO - [2026-06-19T00:59:02.675+0000] {dagbag.py:587} INFO - Filling up the DagBag from /opt/airflow/dags/predictions_dag.py
[2026-06-19T00:59:02.932+0000] {processor.py:925} INFO - DAG(s) 'daily_predictions' retrieved from /opt/airflow/dags/predictions_dag.py
[2026-06-19T00:59:02.948+0000] {logging_mixin.py:190} INFO - [2026-06-19T00:59:02.948+0000] {dag.py:3211} INFO - Sync 1 DAGs
[2026-06-19T00:59:02.959+0000] {logging_mixin.py:190} INFO - [2026-06-19T00:59:02.959+0000] {dag.py:4138} INFO - Setting next_dagrun for daily_predictions to 2026-06-01 10:00:00+00:00, run_after=2026-07-01 10:00:00+00:00
[2026-06-19T00:59:02.974+0000] {processor.py:208} INFO - Processing /opt/airflow/dags/predictions_dag.py took 0.326 seconds
[2026-06-19T00:59:33.194+0000] {processor.py:186} INFO - Started process (PID=301) to work on /opt/airflow/dags/predictions_dag.py
[2026-06-19T00:59:33.197+0000] {processor.py:914} INFO - Processing file /opt/airflow/dags/predictions_dag.py for tasks to queue
[2026-06-19T00:59:33.205+0000] {logging_mixin.py:190} INFO - [2026-06-19T00:59:33.204+0000] {dagbag.py:587} INFO - Filling up the DagBag from /opt/airflow/dags/predictions_dag.py
[2026-06-19T00:59:33.463+0000] {processor.py:925} INFO - DAG(s) 'daily_predictions' retrieved from /opt/airflow/dags/predictions_dag.py
[2026-06-19T00:59:33.479+0000] {logging_mixin.py:190} INFO - [2026-06-19T00:59:33.479+0000] {dag.py:3211} INFO - Sync 1 DAGs
[2026-06-19T00:59:33.494+0000] {logging_mixin.py:190} INFO - [2026-06-19T00:59:33.493+0000] {dag.py:4138} INFO - Setting next_dagrun for daily_predictions to 2026-06-01 10:00:00+00:00, run_after=2026-07-01 10:00:00+00:00
[2026-06-19T00:59:33.505+0000] {processor.py:208} INFO - Processing /opt/airflow/dags/predictions_dag.py took 0.334 seconds
[2026-06-19T01:00:03.727+0000] {processor.py:186} INFO - Started process (PID=304) to work on /opt/airflow/dags/predictions_dag.py
[2026-06-19T01:00:03.729+0000] {processor.py:914} INFO - Processing file /opt/airflow/dags/predictions_dag.py for tasks to queue
[2026-06-19T01:00:03.736+0000] {logging_mixin.py:190} INFO - [2026-06-19T01:00:03.735+0000] {dagbag.py:587} INFO - Filling up the DagBag from /opt/airflow/dags/predictions_dag.py
[2026-06-19T01:00:03.959+0000] {processor.py:925} INFO - DAG(s) 'daily_predictions' retrieved from /opt/airflow/dags/predictions_dag.py
[2026-06-19T01:00:03.974+0000] {logging_mixin.py:190} INFO - [2026-06-19T01:00:03.973+0000] {dag.py:3211} INFO - Sync 1 DAGs
[2026-06-19T01:00:03.985+0000] {logging_mixin.py:190} INFO - [2026-06-19T01:00:03.985+0000] {dag.py:4138} INFO - Setting next_dagrun for daily_predictions to 2026-06-01 10:00:00+00:00, run_after=2026-07-01 10:00:00+00:00
[2026-06-19T01:00:03.997+0000] {processor.py:208} INFO - Processing /opt/airflow/dags/predictions_dag.py took 0.285 seconds
[2026-06-19T01:00:34.150+0000] {processor.py:186} INFO - Started process (PID=307) to work on /opt/airflow/dags/predictions_dag.py
[2026-06-19T01:00:34.153+0000] {processor.py:914} INFO - Processing file /opt/airflow/dags/predictions_dag.py for tasks to queue
[2026-06-19T01:00:34.159+0000] {logging_mixin.py:190} INFO - [2026-06-19T01:00:34.158+0000] {dagbag.py:587} INFO - Filling up the DagBag from /opt/airflow/dags/predictions_dag.py
[2026-06-19T01:00:34.372+0000] {processor.py:925} INFO - DAG(s) 'daily_predictions' retrieved from /opt/airflow/dags/predictions_dag.py
[2026-06-19T01:00:34.383+0000] {logging_mixin.py:190} INFO - [2026-06-19T01:00:34.383+0000] {dag.py:3211} INFO - Sync 1 DAGs
[2026-06-19T01:00:34.398+0000] {logging_mixin.py:190} INFO - [2026-06-19T01:00:34.398+0000] {dag.py:4138} INFO - Setting next_dagrun for daily_predictions to 2026-06-01 10:00:00+00:00, run_after=2026-07-01 10:00:00+00:00
[2026-06-19T01:00:34.408+0000] {processor.py:208} INFO - Processing /opt/airflow/dags/predictions_dag.py took 0.272 seconds
[2026-06-19T01:01:04.560+0000] {processor.py:186} INFO - Started process (PID=310) to work on /opt/airflow/dags/predictions_dag.py
[2026-06-19T01:01:04.562+0000] {processor.py:914} INFO - Processing file /opt/airflow/dags/predictions_dag.py for tasks to queue
[2026-06-19T01:01:04.570+0000] {logging_mixin.py:190} INFO - [2026-06-19T01:01:04.569+0000] {dagbag.py:587} INFO - Filling up the DagBag from /opt/airflow/dags/predictions_dag.py
[2026-06-19T01:01:04.808+0000] {processor.py:925} INFO - DAG(s) 'daily_predictions' retrieved from /opt/airflow/dags/predictions_dag.py
[2026-06-19T01:01:04.824+0000] {logging_mixin.py:190} INFO - [2026-06-19T01:01:04.824+0000] {dag.py:3211} INFO - Sync 1 DAGs
[2026-06-19T01:01:04.840+0000] {logging_mixin.py:190} INFO - [2026-06-19T01:01:04.840+0000] {dag.py:4138} INFO - Setting next_dagrun for daily_predictions to 2026-06-01 10:00:00+00:00, run_after=2026-07-01 10:00:00+00:00
[2026-06-19T01:01:04.853+0000] {processor.py:208} INFO - Processing /opt/airflow/dags/predictions_dag.py took 0.308 seconds
[2026-06-19T01:01:35.107+0000] {processor.py:186} INFO - Started process (PID=313) to work on /opt/airflow/dags/predictions_dag.py
[2026-06-19T01:01:35.110+0000] {processor.py:914} INFO - Processing file /opt/airflow/dags/predictions_dag.py for tasks to queue
[2026-06-19T01:01:35.117+0000] {logging_mixin.py:190} INFO - [2026-06-19T01:01:35.116+0000] {dagbag.py:587} INFO - Filling up the DagBag from /opt/airflow/dags/predictions_dag.py
[2026-06-19T01:01:35.420+0000] {processor.py:925} INFO - DAG(s) 'daily_predictions' retrieved from /opt/airflow/dags/predictions_dag.py
[2026-06-19T01:01:35.435+0000] {logging_mixin.py:190} INFO - [2026-06-19T01:01:35.434+0000] {dag.py:3211} INFO - Sync 1 DAGs
[2026-06-19T01:01:35.446+0000] {logging_mixin.py:190} INFO - [2026-06-19T01:01:35.446+0000] {dag.py:4138} INFO - Setting next_dagrun for daily_predictions to 2026-06-01 10:00:00+00:00, run_after=2026-07-01 10:00:00+00:00
[2026-06-19T01:01:35.460+0000] {processor.py:208} INFO - Processing /opt/airflow/dags/predictions_dag.py took 0.374 seconds
[2026-06-19T01:02:05.620+0000] {processor.py:186} INFO - Started process (PID=316) to work on /opt/airflow/dags/predictions_dag.py
[2026-06-19T01:02:05.622+0000] {processor.py:914} INFO - Processing file /opt/airflow/dags/predictions_dag.py for tasks to queue
[2026-06-19T01:02:05.627+0000] {logging_mixin.py:190} INFO - [2026-06-19T01:02:05.627+0000] {dagbag.py:587} INFO - Filling up the DagBag from /opt/airflow/dags/predictions_dag.py
[2026-06-19T01:02:05.835+0000] {processor.py:925} INFO - DAG(s) 'daily_predictions' retrieved from /opt/airflow/dags/predictions_dag.py
[2026-06-19T01:02:05.849+0000] {logging_mixin.py:190} INFO - [2026-06-19T01:02:05.849+0000] {dag.py:3211} INFO - Sync 1 DAGs
[2026-06-19T01:02:05.865+0000] {logging_mixin.py:190} INFO - [2026-06-19T01:02:05.864+0000] {dag.py:4138} INFO - Setting next_dagrun for daily_predictions to 2026-06-01 10:00:00+00:00, run_after=2026-07-01 10:00:00+00:00
[2026-06-19T01:02:05.879+0000] {processor.py:208} INFO - Processing /opt/airflow/dags/predictions_dag.py took 0.275 seconds
[2026-06-19T01:02:36.072+0000] {processor.py:186} INFO - Started process (PID=319) to work on /opt/airflow/dags/predictions_dag.py
[2026-06-19T01:02:36.074+0000] {processor.py:914} INFO - Processing file /opt/airflow/dags/predictions_dag.py for tasks to queue
[2026-06-19T01:02:36.080+0000] {logging_mixin.py:190} INFO - [2026-06-19T01:02:36.079+0000] {dagbag.py:587} INFO - Filling up the DagBag from /opt/airflow/dags/predictions_dag.py
[2026-06-19T01:02:36.313+0000] {processor.py:925} INFO - DAG(s) 'daily_predictions' retrieved from /opt/airflow/dags/predictions_dag.py
[2026-06-19T01:02:36.326+0000] {logging_mixin.py:190} INFO - [2026-06-19T01:02:36.326+0000] {dag.py:3211} INFO - Sync 1 DAGs
[2026-06-19T01:02:36.337+0000] {logging_mixin.py:190} INFO - [2026-06-19T01:02:36.337+0000] {dag.py:4138} INFO - Setting next_dagrun for daily_predictions to 2026-06-01 10:00:00+00:00, run_after=2026-07-01 10:00:00+00:00
[2026-06-19T01:02:36.349+0000] {processor.py:208} INFO - Processing /opt/airflow/dags/predictions_dag.py took 0.291 seconds
[2026-06-19T01:03:06.623+0000] {processor.py:186} INFO - Started process (PID=322) to work on /opt/airflow/dags/predictions_dag.py
[2026-06-19T01:03:06.627+0000] {processor.py:914} INFO - Processing file /opt/airflow/dags/predictions_dag.py for tasks to queue
[2026-06-19T01:03:06.633+0000] {logging_mixin.py:190} INFO - [2026-06-19T01:03:06.632+0000] {dagbag.py:587} INFO - Filling up the DagBag from /opt/airflow/dags/predictions_dag.py
[2026-06-19T01:03:06.846+0000] {processor.py:925} INFO - DAG(s) 'daily_predictions' retrieved from /opt/airflow/dags/predictions_dag.py
[2026-06-19T01:03:06.859+0000] {logging_mixin.py:190} INFO - [2026-06-19T01:03:06.858+0000] {dag.py:3211} INFO - Sync 1 DAGs
[2026-06-19T01:03:06.869+0000] {logging_mixin.py:190} INFO - [2026-06-19T01:03:06.869+0000] {dag.py:4138} INFO - Setting next_dagrun for daily_predictions to 2026-06-01 10:00:00+00:00, run_after=2026-07-01 10:00:00+00:00
[2026-06-19T01:03:06.882+0000] {processor.py:208} INFO - Processing /opt/airflow/dags/predictions_dag.py took 0.280 seconds
[2026-06-19T01:03:37.056+0000] {processor.py:186} INFO - Started process (PID=325) to work on /opt/airflow/dags/predictions_dag.py
[2026-06-19T01:03:37.059+0000] {processor.py:914} INFO - Processing file /opt/airflow/dags/predictions_dag.py for tasks to queue
[2026-06-19T01:03:37.065+0000] {logging_mixin.py:190} INFO - [2026-06-19T01:03:37.064+0000] {dagbag.py:587} INFO - Filling up the DagBag from /opt/airflow/dags/predictions_dag.py
[2026-06-19T01:03:37.288+0000] {processor.py:925} INFO - DAG(s) 'daily_predictions' retrieved from /opt/airflow/dags/predictions_dag.py
[2026-06-19T01:03:37.300+0000] {logging_mixin.py:190} INFO - [2026-06-19T01:03:37.300+0000] {dag.py:3211} INFO - Sync 1 DAGs
[2026-06-19T01:03:37.312+0000] {logging_mixin.py:190} INFO - [2026-06-19T01:03:37.312+0000] {dag.py:4138} INFO - Setting next_dagrun for daily_predictions to 2026-06-01 10:00:00+00:00, run_after=2026-07-01 10:00:00+00:00
[2026-06-19T01:03:37.323+0000] {processor.py:208} INFO - Processing /opt/airflow/dags/predictions_dag.py took 0.282 seconds
[2026-06-19T01:04:07.478+0000] {processor.py:186} INFO - Started process (PID=328) to work on /opt/airflow/dags/predictions_dag.py
[2026-06-19T01:04:07.480+0000] {processor.py:914} INFO - Processing file /opt/airflow/dags/predictions_dag.py for tasks to queue
[2026-06-19T01:04:07.483+0000] {logging_mixin.py:190} INFO - [2026-06-19T01:04:07.482+0000] {dagbag.py:587} INFO - Filling up the DagBag from /opt/airflow/dags/predictions_dag.py
[2026-06-19T01:04:07.699+0000] {processor.py:925} INFO - DAG(s) 'daily_predictions' retrieved from /opt/airflow/dags/predictions_dag.py
[2026-06-19T01:04:07.714+0000] {logging_mixin.py:190} INFO - [2026-06-19T01:04:07.714+0000] {dag.py:3211} INFO - Sync 1 DAGs
[2026-06-19T01:04:07.727+0000] {logging_mixin.py:190} INFO - [2026-06-19T01:04:07.726+0000] {dag.py:4138} INFO - Setting next_dagrun for daily_predictions to 2026-06-01 10:00:00+00:00, run_after=2026-07-01 10:00:00+00:00
[2026-06-19T01:04:07.737+0000] {processor.py:208} INFO - Processing /opt/airflow/dags/predictions_dag.py took 0.272 seconds
[2026-06-19T01:04:37.911+0000] {processor.py:186} INFO - Started process (PID=331) to work on /opt/airflow/dags/predictions_dag.py
[2026-06-19T01:04:37.912+0000] {processor.py:914} INFO - Processing file /opt/airflow/dags/predictions_dag.py for tasks to queue
[2026-06-19T01:04:37.918+0000] {logging_mixin.py:190} INFO - [2026-06-19T01:04:37.916+0000] {dagbag.py:587} INFO - Filling up the DagBag from /opt/airflow/dags/predictions_dag.py
[2026-06-19T01:04:38.226+0000] {processor.py:925} INFO - DAG(s) 'daily_predictions' retrieved from /opt/airflow/dags/predictions_dag.py
[2026-06-19T01:04:38.243+0000] {logging_mixin.py:190} INFO - [2026-06-19T01:04:38.243+0000] {dag.py:3211} INFO - Sync 1 DAGs
[2026-06-19T01:04:38.258+0000] {logging_mixin.py:190} INFO - [2026-06-19T01:04:38.258+0000] {dag.py:4138} INFO - Setting next_dagrun for daily_predictions to 2026-06-01 10:00:00+00:00, run_after=2026-07-01 10:00:00+00:00
[2026-06-19T01:04:38.272+0000] {processor.py:208} INFO - Processing /opt/airflow/dags/predictions_dag.py took 0.374 seconds
[2026-06-19T01:05:08.443+0000] {processor.py:186} INFO - Started process (PID=334) to work on /opt/airflow/dags/predictions_dag.py
[2026-06-19T01:05:08.444+0000] {processor.py:914} INFO - Processing file /opt/airflow/dags/predictions_dag.py for tasks to queue
[2026-06-19T01:05:08.449+0000] {logging_mixin.py:190} INFO - [2026-06-19T01:05:08.448+0000] {dagbag.py:587} INFO - Filling up the DagBag from /opt/airflow/dags/predictions_dag.py
[2026-06-19T01:05:08.688+0000] {processor.py:925} INFO - DAG(s) 'daily_predictions' retrieved from /opt/airflow/dags/predictions_dag.py
[2026-06-19T01:05:08.702+0000] {logging_mixin.py:190} INFO - [2026-06-19T01:05:08.702+0000] {dag.py:3211} INFO - Sync 1 DAGs
[2026-06-19T01:05:08.714+0000] {logging_mixin.py:190} INFO - [2026-06-19T01:05:08.714+0000] {dag.py:4138} INFO - Setting next_dagrun for daily_predictions to 2026-06-01 10:00:00+00:00, run_after=2026-07-01 10:00:00+00:00
[2026-06-19T01:05:08.728+0000] {processor.py:208} INFO - Processing /opt/airflow/dags/predictions_dag.py took 0.298 seconds
[2026-06-19T01:05:38.859+0000] {processor.py:186} INFO - Started process (PID=337) to work on /opt/airflow/dags/predictions_dag.py
[2026-06-19T01:05:38.862+0000] {processor.py:914} INFO - Processing file /opt/airflow/dags/predictions_dag.py for tasks to queue
[2026-06-19T01:05:38.865+0000] {logging_mixin.py:190} INFO - [2026-06-19T01:05:38.864+0000] {dagbag.py:587} INFO - Filling up the DagBag from /opt/airflow/dags/predictions_dag.py
[2026-06-19T01:05:39.124+0000] {processor.py:925} INFO - DAG(s) 'daily_predictions' retrieved from /opt/airflow/dags/predictions_dag.py
[2026-06-19T01:05:39.136+0000] {logging_mixin.py:190} INFO - [2026-06-19T01:05:39.136+0000] {dag.py:3211} INFO - Sync 1 DAGs
[2026-06-19T01:05:39.149+0000] {logging_mixin.py:190} INFO - [2026-06-19T01:05:39.149+0000] {dag.py:4138} INFO - Setting next_dagrun for daily_predictions to 2026-06-01 10:00:00+00:00, run_after=2026-07-01 10:00:00+00:00
[2026-06-19T01:05:39.162+0000] {processor.py:208} INFO - Processing /opt/airflow/dags/predictions_dag.py took 0.318 seconds
